Business_ID,Month,Revenue,Expenses,Cost_of_Goods,Cash_Flow,Inventory,Debt,Transactions,Profit,Profit_Margin,Next_Month_Profit,Loss_Next_Month
1,1,175998.92,142056.59,68492.89,-34550.57,23483.03,32687.13,97,-34550.57,-19.63,31101.09,0
1,2,160052.59,57824.17,71127.33,31101.09,8033.79,158868.36,92,31101.09,19.43,44011.66,0
1,3,168824.54,72589.86,52223.02,44011.66,18265.61,22972.99,97,44011.66,26.07,12500.27,0
1,4,162633.85,69362.1,80771.48,12500.27,43095.55,113240.67,116,12500.27,7.69,42279.71,0
1,5,140637.99,49672.39,48685.88,42279.71,31055.1,88531.17,64,42279.71,30.06,43609.79,0
1,6,183918.35,70748.41,69560.15,43609.79,43927.12,83480.19,200,43609.79,23.71,14853.57,0
1,7,162170.62,84078.49,63238.57,14853.57,45677.74,120153.58,140,14853.57,9.16,22322.21,0
1,8,169435.82,78633.27,68480.34,22322.21,44245.36,128763.45,107,22322.21,13.17,30319.23,0
1,9,174858.12,82429.32,62109.58,30319.23,15967.47,11340.35,129,30319.23,17.34,-8031.37,1
1,10,169700.86,116860.94,60871.3,-8031.37,38663.88,135873.84,99,-8031.37,-4.73,-514.23,1
1,11,171429.57,91370.58,80573.22,-514.23,12660.51,68962.23,93,-514.23,-0.3,17418.01,0
2,1,229095.7,102808.79,92679.88,33607.04,12910.64,34936.37,407,33607.04,14.67,33537.08,0
2,2,209807.72,100137.47,76133.18,33537.08,58094.0,60178.65,158,33537.08,15.98,52845.47,0
2,3,191016.64,69796.71,68374.46,52845.47,53947.76,156197.05,108,52845.47,27.67,3242.75,0
2,4,216566.71,113544.22,99779.73,3242.75,59152.98,121791.73,102,3242.75,1.5,56202.72,0
2,5,199016.32,74036.14,68777.46,56202.72,50650.39,172685.27,387,56202.72,28.24,35403.34,0
2,6,215390.25,97388.59,82598.33,35403.34,17223.97,79852.58,90,35403.34,16.44,28393.75,0
2,7,207753.63,101924.72,77435.16,28393.75,60375.66,60080.93,139,28393.75,13.67,-25572.01,1
2,8,170465.24,135186.6,60850.65,-25572.01,29945.59,16859.83,161,-25572.01,-15.0,44841.45,0
2,9,200965.15,76161.57,79962.14,44841.45,22209.43,138370.29,99,44841.45,22.31,32808.22,0
2,10,209197.14,83161.62,93227.3,32808.22,43529.0,136365.83,133,32808.22,15.68,41973.67,0
2,11,187661.93,67212.06,78476.2,41973.67,10161.32,100678.45,196,41973.67,22.37,36238.23,0
3,1,57948.67,28345.99,20033.43,9569.24,17126.27,31338.88,56,9569.24,16.51,-2128.42,1
3,2,50276.24,27614.26,24790.4,-2128.42,13607.72,11526.92,47,-2128.42,-4.23,5947.2,0
3,3,60788.97,31687.15,23154.62,5947.2,15971.21,57071.92,29,5947.2,9.78,5922.5,0
3,4,59186.47,28634.28,24629.7,5922.5,16870.12,57705.66,55,5922.5,10.01,3459.79,0
3,5,56326.65,24765.97,28100.89,3459.79,3070.86,29244.74,65,3459.79,6.14,6136.78,0
3,6,47991.51,20314.5,21540.22,6136.78,6095.65,27135.03,31,6136.78,12.79,1843.44,0
3,7,50857.38,23799.94,25214.0,1843.44,14063.32,23530.42,42,1843.44,3.62,5261.62,0
3,8,60343.43,28905.75,26176.06,5261.62,6489.71,31634.06,36,5261.62,8.72,6683.9,0
3,9,56938.01,23111.83,27142.28,6683.9,16413.4,20737.55,35,6683.9,11.74,-14598.96,1
3,10,57878.64,43765.95,28711.64,-14598.96,5656.35,17655.94,39,-14598.96,-25.22,-13577.03,1
3,11,50751.15,39662.95,24665.23,-13577.03,11052.88,19829.21,50,-13577.03,-26.75,11196.4,0
4,1,54709.81,43961.39,26142.29,-15393.87,11625.34,39219.74,26,-15393.87,-28.14,-31950.2,1
4,2,54446.19,62739.59,23656.81,-31950.2,3211.54,26804.85,34,-31950.2,-58.68,548.38,0
4,3,56840.35,35867.12,20424.84,548.38,4647.56,31042.28,27,548.38,0.96,-19008.11,1
4,4,44011.83,40762.17,22257.78,-19008.11,8149.18,28852.33,22,-19008.11,-43.19,-9034.75,1
4,5,53095.45,32991.6,29138.6,-9034.75,3696.19,3933.48,21,-9034.75,-17.02,-16328.86,1
4,6,55477.77,42736.63,29069.99,-16328.86,4943.58,15962.66,34,-16328.86,-29.43,-15701.41,1
4,7,58286.27,39673.6,34314.08,-15701.41,11828.04,26148.39,58,-15701.41,-26.94,-7846.96,1
4,8,60077.63,35515.02,32409.57,-7846.96,3694.81,5328.43,27,-7846.96,-13.06,-3534.48,1
4,9,51686.28,30778.11,24442.65,-3534.48,8190.36,22151.68,29,-3534.48,-6.84,-4841.21,1
4,10,63456.93,45369.5,22928.64,-4841.21,11154.72,54805.55,34,-4841.21,-7.63,-16489.02,1
4,11,51881.22,38016.74,30353.5,-16489.02,10937.7,25180.04,32,-16489.02,-31.78,-17396.11,1
5,1,184115.06,64138.03,47466.61,72510.42,24884.28,54803.65,123,72510.42,39.38,82630.87,0
5,2,209821.02,74262.7,52927.46,82630.87,12546.58,93800.22,86,82630.87,39.38,67196.69,0
5,3,177612.42,59549.54,50866.19,67196.69,14550.44,51066.35,106,67196.69,37.83,71311.22,0
5,4,212455.49,80747.43,60396.85,71311.22,46731.96,159960.57,217,71311.22,33.57,85560.21,0
5,5,205144.39,66566.11,53018.07,85560.21,15385.05,20680.82,84,85560.21,41.71,65528.45,0
5,6,177251.1,66836.33,44886.32,65528.45,38852.11,90113.55,119,65528.45,36.97,78950.78,0
5,7,209885.26,59168.58,71765.89,78950.78,16447.9,196113.14,85,78950.78,37.62,86187.32,0
5,8,219736.89,87760.65,45788.92,86187.32,40976.3,158329.2,90,86187.32,39.22,61081.02,0
5,9,207619.05,78901.53,67636.5,61081.02,21933.73,88615.76,90,61081.02,29.42,91926.19,0
5,10,203822.79,55437.91,56458.69,91926.19,39811.96,177322.08,90,91926.19,45.1,82484.98,0
5,11,201830.74,68376.89,50968.87,82484.98,34395.34,82566.57,105,82484.98,40.87,91343.64,0
6,1,84062.25,30422.7,24168.34,29471.21,12081.23,27019.83,37,29471.21,35.06,-9452.52,1
6,2,79442.04,61528.1,27366.46,-9452.52,4829.28,71226.62,51,-9452.52,-11.9,31930.68,0
6,3,84668.57,27810.63,24927.26,31930.68,13854.76,54711.15,50,31930.68,37.71,33858.25,0
6,4,82984.02,31963.26,17162.5,33858.25,23866.44,74332.98,58,33858.25,40.8,34789.13,0
6,5,76928.46,21402.9,20736.43,34789.13,15071.37,9527.43,31,34789.13,45.22,25546.5,0
6,6,85915.59,34188.53,26180.56,25546.5,10944.09,70717.58,45,25546.5,29.73,29784.47,0
6,7,85746.67,26816.11,29146.09,29784.47,5256.67,6435.17,68,29784.47,34.74,24864.46,0
6,8,88698.5,32958.85,30875.19,24864.46,17609.55,36530.15,36,24864.46,28.03,35014.76,0
6,9,83873.08,26864.88,21993.45,35014.76,5375.75,73094.24,39,35014.76,41.75,21017.24,0
6,10,83885.49,33550.64,29317.6,21017.24,20321.0,79483.8,38,21017.24,25.05,31585.85,0
6,11,81508.0,21956.13,27966.02,31585.85,8734.45,56086.93,46,31585.85,38.75,36585.7,0
7,1,86379.17,63722.93,39314.09,-16657.85,21703.73,78431.73,49,-16657.85,-19.28,-32368.05,1
7,2,94468.2,79411.13,47425.11,-32368.05,6872.61,69913.76,59,-32368.05,-34.26,-14454.61,1
7,3,90320.61,61339.99,43435.23,-14454.61,14888.15,76771.33,44,-14454.61,-16.0,2362.4,0
7,4,81871.98,49915.7,29593.88,2362.4,8374.09,49177.83,69,2362.4,2.89,-12823.41,1
7,5,63824.48,47922.08,28725.81,-12823.41,14304.69,28151.58,28,-12823.41,-20.09,-31387.85,1
7,6,100480.71,72255.61,59612.95,-31387.85,25667.56,37964.48,84,-31387.85,-31.24,-17204.07,1
7,7,83217.45,63889.23,36532.28,-17204.07,11028.38,29584.1,121,-17204.07,-20.67,-17193.71,1
7,8,78516.88,54729.01,40981.59,-17193.71,11331.67,4119.41,35,-17193.71,-21.9,-31154.18,1
7,9,84355.94,74669.39,40840.73,-31154.18,20244.48,46792.45,43,-31154.18,-36.93,5892.47,0
7,10,76019.78,40712.61,29414.7,5892.47,19849.54,57937.37,135,5892.47,7.75,-6859.67,1
7,11,79653.34,56546.04,29966.96,-6859.67,15213.09,67599.76,117,-6859.67,-8.61,-8481.12,1
8,1,495377.4,216148.97,161253.3,117975.13,69734.56,328743.04,301,117975.13,23.82,37477.92,0
8,2,459978.22,193751.72,228748.57,37477.92,50278.7,67475.74,570,37477.92,8.15,106662.88,0
8,3,417193.62,161584.68,148946.06,106662.88,114390.89,52659.04,269,106662.88,25.57,30226.54,0
8,4,423074.84,182801.91,210046.39,30226.54,63234.42,410804.36,189,30226.54,7.14,76452.2,0
8,5,419850.55,161297.14,182101.21,76452.2,79431.83,248984.83,396,76452.2,18.21,74230.78,0
8,6,467764.39,235705.81,157827.8,74230.78,73139.22,248958.17,474,74230.78,15.87,79200.67,0
8,7,449936.69,183450.94,187285.09,79200.67,76617.48,250146.78,745,79200.67,17.6,-98423.1,1
8,8,408069.74,373101.81,133391.03,-98423.1,53289.2,334364.48,404,-98423.1,-24.12,65600.15,0
8,9,480386.55,225362.66,189423.74,65600.15,65917.23,448225.97,222,65600.15,13.66,61885.34,0
8,10,468348.74,254315.89,152147.51,61885.34,133285.08,104053.7,739,61885.34,13.21,70408.19,0
8,11,458148.72,237488.61,150251.92,70408.19,46001.26,94137.26,552,70408.19,15.37,26883.79,0
9,1,375930.22,129175.35,105624.05,141130.83,73070.15,145708.42,293,141130.83,37.54,170911.86,0
9,2,371363.04,122467.59,77983.59,170911.86,68966.69,170809.07,318,170911.86,46.02,150355.38,0
9,3,382392.93,105161.73,126875.82,150355.38,90002.0,227330.04,153,150355.38,39.32,127632.41,0
9,4,385488.72,139878.62,117977.69,127632.41,33067.99,94181.59,199,127632.41,33.11,179499.35,0
9,5,395294.32,104925.9,110869.07,179499.35,64927.11,246568.78,262,179499.35,45.41,144731.15,0
9,6,365420.62,120946.59,99742.88,144731.15,88786.43,22507.32,215,144731.15,39.61,133251.33,0
9,7,396432.95,134729.49,128452.14,133251.33,53768.62,105444.6,294,133251.33,33.61,155586.96,0
9,8,375298.99,110033.7,109678.33,155586.96,31817.49,54701.66,370,155586.96,41.46,149830.55,0
9,9,377544.32,100174.55,127539.22,149830.55,21050.23,252501.21,184,149830.55,39.69,99355.16,0
9,10,393918.89,211707.53,82856.2,99355.16,102462.21,360495.61,528,99355.16,25.22,140716.05,0
9,11,354959.7,98660.39,115583.26,140716.05,45385.53,94428.45,206,140716.05,39.64,136300.41,0
10,1,361445.02,151586.66,161746.74,48111.63,38367.82,173427.66,462,48111.63,13.31,83276.81,0
10,2,387245.67,149197.0,154771.85,83276.81,107929.81,152680.98,233,83276.81,21.5,43252.66,0
10,3,337770.53,183143.93,111373.94,43252.66,24095.68,336767.54,224,43252.66,12.81,83499.85,0
10,4,383893.75,180075.73,120318.17,83499.85,39340.05,346714.24,421,83499.85,21.75,80995.42,0
10,5,445635.2,161828.74,202811.04,80995.42,80703.45,208880.19,342,80995.42,18.18,69366.84,0
10,6,335066.87,154776.79,110923.23,69366.84,88942.3,317914.69,268,69366.84,20.7,103536.7,0
10,7,393412.54,169854.62,120021.22,103536.7,90088.74,265938.12,709,103536.7,26.32,85201.64,0
10,8,328468.47,129546.14,113720.7,85201.64,18042.0,48909.99,156,85201.64,25.94,108302.92,0
10,9,383406.86,152456.58,122647.36,108302.92,88400.87,330846.24,177,108302.92,28.25,46107.89,0
10,10,336686.01,144585.33,145992.79,46107.89,41508.99,303528.84,640,46107.89,13.69,2537.84,0
10,11,318147.24,168151.74,147457.65,2537.84,36541.07,130665.55,189,2537.84,0.8,72298.04,0
11,1,395475.04,281619.35,235838.31,-121982.62,67703.19,212304.75,199,-121982.62,-30.84,-66692.27,1
11,2,421962.91,298502.86,190152.31,-66692.27,65584.0,74123.02,183,-66692.27,-15.81,-142290.48,1
11,3,458528.89,379617.96,221201.41,-142290.48,30626.91,199453.5,306,-142290.48,-31.03,-35789.45,1
11,4,460621.96,322920.6,173490.81,-35789.45,53719.85,343428.38,459,-35789.45,-7.77,-107129.82,1
11,5,406553.11,286205.6,227477.34,-107129.82,63222.67,157001.79,168,-107129.82,-26.35,-247677.75,1
11,6,510203.92,567787.73,190093.94,-247677.75,81274.64,469253.93,262,-247677.75,-48.54,-90290.08,1
11,7,434224.13,268963.87,255550.34,-90290.08,51011.7,244403.33,526,-90290.08,-20.79,-172991.98,1
11,8,416577.29,355618.64,233950.62,-172991.98,85745.41,208507.53,350,-172991.98,-41.53,-171130.77,1
11,9,365597.85,354086.35,182642.27,-171130.77,18493.71,354379.27,716,-171130.77,-46.81,-25216.41,1
11,10,333828.1,215949.38,143095.13,-25216.41,82623.59,235693.39,216,-25216.41,-7.55,-139435.97,1
11,11,440737.66,346130.54,234043.08,-139435.97,121573.49,292795.98,233,-139435.97,-31.64,-17260.04,1
12,1,93773.54,25064.95,24687.24,44021.36,22155.51,9577.89,66,44021.36,46.94,37711.35,0
12,2,100576.25,33025.74,29839.16,37711.35,14198.78,58600.08,68,37711.35,37.5,41485.71,0
12,3,98035.02,30994.24,25555.06,41485.71,24606.23,55044.84,53,41485.71,42.32,37018.85,0
12,4,102461.17,36955.53,28486.79,37018.85,27579.1,45762.31,71,37018.85,36.13,17568.26,0
12,5,95582.57,57893.75,20120.56,17568.26,6894.93,8193.04,65,17568.26,18.38,38850.37,0
12,6,92033.39,31025.71,22157.32,38850.37,6711.52,34011.12,59,38850.37,42.21,27959.75,0
12,7,88833.39,33572.2,27301.43,27959.75,10599.28,81266.75,150,27959.75,31.47,45696.46,0
12,8,96236.43,25639.32,24900.65,45696.46,27822.33,77767.69,94,45696.46,47.48,32383.51,0
12,9,98956.36,37863.66,28709.19,32383.51,29419.35,74829.33,157,32383.51,32.73,35642.82,0
12,10,97895.88,30370.93,31882.13,35642.82,25223.91,16086.43,164,35642.82,36.41,27029.22,0
12,11,95685.91,37661.07,30995.62,27029.22,19849.51,24448.5,62,27029.22,28.25,37083.09,0
13,1,411414.96,487318.88,204981.33,-280885.25,47888.71,71190.91,180,-280885.25,-68.27,-175241.88,1
13,2,411489.38,354020.89,232710.37,-175241.88,77242.46,54578.89,312,-175241.88,-42.59,-63432.8,1
13,3,379880.57,263261.78,180051.59,-63432.8,83883.21,46468.63,172,-63432.8,-16.7,-74984.44,1
13,4,410211.83,292336.56,192859.72,-74984.44,56179.45,284734.33,251,-74984.44,-18.28,-161119.18,1
13,5,471720.11,390086.0,242753.28,-161119.18,107123.27,398680.22,248,-161119.18,-34.16,-122974.94,1
13,6,427596.83,334783.81,215787.96,-122974.94,115544.23,375537.5,765,-122974.94,-28.76,-62768.39,1
13,7,436586.62,265398.25,233956.75,-62768.39,112653.99,232305.27,851,-62768.39,-14.38,-100709.0,1
13,8,451267.48,324433.09,227543.38,-100709.0,51873.6,294364.22,285,-100709.0,-22.32,-137611.76,1
13,9,430006.62,358929.01,208689.37,-137611.76,89508.23,402239.67,609,-137611.76,-32.0,-121144.97,1
13,10,454656.02,338483.53,237317.45,-121144.97,103226.48,51823.09,273,-121144.97,-26.65,-112740.9,1
13,11,500307.86,328931.84,284116.93,-112740.9,118779.57,86844.4,248,-112740.9,-22.53,33501.77,0
14,1,349822.25,130794.38,85621.15,133406.72,85078.76,93945.12,458,133406.72,38.14,-53024.12,1
14,2,368032.22,294274.57,126781.76,-53024.12,102085.19,318160.94,151,-53024.12,-14.41,155873.44,0
14,3,342506.88,101653.58,84979.87,155873.44,80988.92,82318.51,153,155873.44,45.51,134206.39,0
14,4,374513.23,133790.58,106516.26,134206.39,69587.63,75383.32,412,134206.39,35.83,160776.38,0
14,5,375820.44,94962.04,120082.02,160776.38,104462.68,364221.0,431,160776.38,42.78,147207.54,0
14,6,306362.84,97826.13,61329.18,147207.54,61832.17,87363.33,189,147207.54,48.05,136591.42,0
14,7,338614.49,117745.71,84277.36,136591.42,53606.63,333580.6,423,136591.42,40.34,128778.43,0
14,8,340465.96,108843.49,102844.04,128778.43,99986.33,250512.56,187,128778.43,37.82,146622.52,0
14,9,352680.57,127802.36,78255.7,146622.52,67970.76,23788.04,240,146622.52,41.57,166206.83,0
14,10,356250.32,100303.15,89740.34,166206.83,101641.56,42320.92,227,166206.83,46.65,120847.5,0
14,11,340352.39,101531.95,117972.93,120847.5,76000.17,282617.97,584,120847.5,35.51,112408.21,0
15,1,181430.51,89412.11,83520.74,8497.66,46030.06,22880.04,79,8497.66,4.68,13645.25,0
15,2,177160.52,81408.53,82106.73,13645.25,37362.17,97452.91,90,13645.25,7.7,21420.13,0
15,3,162519.33,85218.1,55881.1,21420.13,21813.99,36243.76,78,21420.13,13.18,19556.38,0
15,4,164866.79,79423.18,65887.22,19556.38,37886.46,44024.71,66,19556.38,11.86,-6052.09,1
15,5,172179.5,103153.47,75078.12,-6052.09,19700.9,84280.46,76,-6052.09,-3.51,9710.73,0
15,6,173328.88,85872.99,77745.16,9710.73,23656.58,69762.59,70,9710.73,5.6,16116.69,0
15,7,149762.96,74140.38,59505.89,16116.69,41211.09,67488.41,142,16116.69,10.76,9796.51,0
15,8,199695.34,93551.29,96347.54,9796.51,41085.65,129798.42,101,9796.51,4.91,23445.78,0
15,9,177274.58,94275.77,59553.02,23445.78,51914.64,39342.21,80,23445.78,13.23,32748.04,0
15,10,162040.23,72667.84,56624.34,32748.04,26141.35,87352.08,132,32748.04,20.21,12110.15,0
15,11,155455.18,66568.44,76776.59,12110.15,33296.04,55797.62,75,12110.15,7.79,22871.12,0
16,1,256631.1,73731.95,75083.01,107816.14,23548.59,53697.04,447,107816.14,42.01,93650.21,0
16,2,275466.89,99294.88,82521.8,93650.21,71908.6,224612.03,164,93650.21,34.0,34160.12,0
16,3,256075.24,160338.64,61576.48,34160.12,72764.14,22374.92,344,34160.12,13.34,90548.47,0
16,4,264692.81,84127.28,90017.06,90548.47,46799.99,23688.48,332,90548.47,34.21,109793.07,0
16,5,271462.9,86382.47,75287.36,109793.07,58830.37,49587.77,484,109793.07,40.44,105209.49,0
16,6,264273.47,78275.02,80788.96,105209.49,57706.25,256719.59,384,105209.49,39.81,99100.59,0
16,7,252032.12,95827.99,57103.54,99100.59,65409.6,238771.07,135,99100.59,39.32,108719.4,0
16,8,284050.53,92196.05,83135.08,108719.4,54723.03,22402.41,120,108719.4,38.27,114692.71,0
16,9,273849.94,77321.88,81835.35,114692.71,58277.52,41423.47,150,114692.71,41.88,107987.61,0
16,10,274878.25,109927.13,56963.52,107987.61,41706.45,241127.53,133,107987.61,39.29,100221.97,0
16,11,280261.51,106997.49,73042.05,100221.97,60788.26,229100.79,138,100221.97,35.76,96950.23,0
17,1,57687.03,24579.52,23634.37,9473.14,10754.11,27239.73,108,9473.14,16.42,12206.32,0
17,2,61369.52,28684.87,20478.33,12206.32,14718.63,32244.96,38,12206.32,19.89,8023.43,0
17,3,45642.72,20326.49,17292.8,8023.43,10804.49,33306.24,29,8023.43,17.58,5303.87,0
17,4,53386.33,27466.13,20616.33,5303.87,3620.66,51086.82,29,5303.87,9.93,10207.11,0
17,5,47419.41,21141.31,16070.99,10207.11,9689.58,25935.12,25,10207.11,21.53,2914.74,0
17,6,50579.6,27106.68,20558.18,2914.74,3662.3,37011.83,38,2914.74,5.76,873.55,0
17,7,48101.36,25103.29,22124.52,873.55,5955.89,38660.84,55,873.55,1.82,-19220.59,1
17,8,52922.97,51773.22,20370.34,-19220.59,7587.96,29116.85,73,-19220.59,-36.32,3938.42,0
17,9,63594.6,32353.67,27302.51,3938.42,8915.53,57909.02,31,3938.42,6.19,10207.4,0
17,10,54426.83,25108.59,19110.84,10207.4,12680.88,46731.72,29,10207.4,18.75,12980.58,0
17,11,55173.07,20962.5,21229.99,12980.58,6003.32,48320.39,38,12980.58,23.53,11518.04,0
18,1,262312.05,104444.22,57830.88,100036.95,39630.02,119821.43,135,100036.95,38.14,88172.39,0
18,2,296431.39,104896.82,103362.19,88172.39,22536.91,218802.5,178,88172.39,29.74,104218.67,0
18,3,258592.6,67970.74,86403.19,104218.67,33835.0,68610.72,213,104218.67,40.3,5639.44,0
18,4,260837.57,182722.07,72476.06,5639.44,28282.1,146854.51,115,5639.44,2.16,121587.79,0
18,5,269357.29,80443.57,67325.93,121587.79,80412.54,182825.51,166,121587.79,45.14,561.45,0
18,6,290525.03,211585.49,78378.09,561.45,84079.78,62909.65,154,561.45,0.19,124288.86,0
18,7,265606.89,70253.41,71064.62,124288.86,36359.69,181055.23,127,124288.86,46.79,92189.09,0
18,8,245361.89,95464.59,57708.21,92189.09,21617.37,243609.84,104,92189.09,37.57,-13463.1,1
18,9,278954.62,210533.98,81883.74,-13463.1,22854.3,232861.34,135,-13463.1,-4.83,116251.07,0
18,10,265253.37,94512.88,54489.42,116251.07,30710.54,104013.7,392,116251.07,43.83,117627.99,0
18,11,264556.01,78263.25,68664.78,117627.99,52950.51,142832.59,113,117627.99,44.46,89005.97,0
19,1,340633.75,168369.95,111814.94,60448.86,86753.88,121402.41,624,60448.86,17.75,105577.03,0
19,2,384589.33,146435.55,132576.74,105577.03,74325.87,360011.84,233,105577.03,27.45,55731.7,0
19,3,277429.22,130745.23,90952.29,55731.7,71391.72,97559.34,115,55731.7,20.09,16785.32,0
19,4,324677.22,167221.81,140670.1,16785.32,55051.78,172339.38,336,16785.32,5.17,-4217.33,1
19,5,337093.52,181116.92,160193.93,-4217.33,88609.13,16961.16,629,-4217.33,-1.25,47648.29,0
19,6,304404.1,143225.37,113530.44,47648.29,58174.75,70680.6,329,47648.29,15.65,62454.12,0
19,7,374808.41,177621.54,134732.76,62454.12,34732.07,45313.71,181,62454.12,16.66,85699.66,0
19,8,327887.32,132164.0,110023.67,85699.66,67057.19,213628.47,342,85699.66,26.14,57218.53,0
19,9,310793.35,119577.9,133996.92,57218.53,71817.93,249408.23,237,57218.53,18.41,46226.75,0
19,10,311632.1,149837.44,115567.91,46226.75,53104.82,67949.13,244,46226.75,14.83,24484.66,0
19,11,324288.08,164760.25,135043.17,24484.66,31593.35,206896.05,282,24484.66,7.55,17317.19,0
20,1,534592.65,197594.27,212579.82,124418.56,70121.97,401206.03,368,124418.56,23.27,94185.71,0
20,2,480718.17,204390.63,182141.83,94185.71,118378.84,431435.16,199,94185.71,19.59,57484.63,0
20,3,460420.61,224513.49,178422.48,57484.63,119809.68,39828.7,199,57484.63,12.49,68826.93,0
20,4,528364.08,233693.05,225844.1,68826.93,144655.22,345991.93,305,68826.93,13.03,84220.54,0
20,5,488293.18,185567.91,218504.73,84220.54,107452.31,43745.82,729,84220.54,17.25,-5171.3,1
20,6,457067.32,318528.94,143709.67,-5171.3,132149.75,343089.78,378,-5171.3,-1.13,28133.66,0
20,7,448022.66,226220.4,193668.6,28133.66,41902.37,64280.44,246,28133.66,6.28,-34970.61,1
20,8,434227.03,315911.47,153286.17,-34970.61,126779.1,143586.95,213,-34970.61,-8.05,122512.29,0
20,9,430494.16,168382.39,139599.48,122512.29,104893.54,284861.88,275,122512.29,28.46,80864.82,0
20,10,546709.02,195935.18,269909.02,80864.82,67357.56,536306.14,320,80864.82,14.79,30868.02,0
20,11,547787.81,280661.25,236258.54,30868.02,73714.1,510362.65,577,30868.02,5.64,95939.53,0
21,1,217470.73,119279.02,94445.58,3746.14,58677.34,64264.78,136,3746.14,1.72,39870.22,0
21,2,223271.05,106548.11,76852.73,39870.22,52925.95,129479.92,259,39870.22,17.86,32102.11,0
21,3,220638.68,110459.99,78076.58,32102.11,51185.26,33657.66,117,32102.11,14.55,30031.02,0
21,4,216674.21,79817.18,106826.01,30031.02,18995.62,81310.13,163,30031.02,13.86,49122.18,0
21,5,237965.36,112412.01,76431.18,49122.18,17475.99,142378.04,105,49122.18,20.64,55191.95,0
21,6,238853.55,104321.7,79339.9,55191.95,60415.15,180245.21,105,55191.95,23.11,8833.32,0
21,7,207722.44,109254.38,89634.74,8833.32,48936.71,171238.58,120,8833.32,4.25,29122.75,0
21,8,212000.42,103366.49,79511.18,29122.75,38380.51,181397.19,97,29122.75,13.74,15035.86,0
21,9,238394.65,115782.51,107576.29,15035.86,39950.12,125621.52,318,15035.86,6.31,34312.09,0
21,10,237862.49,101585.16,101965.23,34312.09,24809.6,43036.88,130,34312.09,14.43,20425.88,0
21,11,215731.23,92864.84,102440.51,20425.88,49801.81,32128.96,226,20425.88,9.47,40126.59,0
22,1,457773.39,163036.97,145705.72,149030.7,73266.52,87013.52,395,149030.7,32.56,198340.69,0
22,2,420563.48,132520.77,89702.01,198340.69,83926.1,314951.56,168,198340.69,47.16,171525.81,0
22,3,438252.07,137254.94,129471.32,171525.81,34877.87,192572.19,201,171525.81,39.14,181529.3,0
22,4,446408.18,137303.97,127574.9,181529.3,42908.34,175940.03,381,181529.3,40.66,180876.97,0
22,5,423124.47,138662.89,103584.61,180876.97,48584.92,193864.62,188,180876.97,42.75,178310.31,0
22,6,450512.07,169523.2,102678.55,178310.31,74130.28,229229.75,587,178310.31,39.58,179821.65,0
22,7,438585.95,142307.62,116456.68,179821.65,105865.1,88139.44,254,179821.65,41.0,177751.52,0
22,8,426272.21,115222.71,133297.99,177751.52,123258.17,49238.75,694,177751.52,41.7,155959.03,0
22,9,413667.97,118742.08,138966.87,155959.03,48807.62,319115.2,295,155959.03,37.7,176015.88,0
22,10,415437.0,152260.4,87160.73,176015.88,24262.93,45498.89,179,176015.88,42.37,190369.42,0
22,11,436392.73,136008.05,110015.26,190369.42,24200.53,297008.98,179,190369.42,43.62,-76.58,1
23,1,305477.97,91869.28,75240.7,138368.0,89150.4,68385.73,561,138368.0,45.3,-8467.53,1
23,2,327869.27,250206.04,86130.76,-8467.53,61074.3,321800.74,343,-8467.53,-2.58,116564.06,0
23,3,334071.78,123190.64,94317.08,116564.06,35590.93,285488.65,246,116564.06,34.89,121523.01,0
23,4,283120.03,76766.28,84830.74,121523.01,21061.48,245999.47,199,121523.01,42.92,126792.22,0
23,5,305402.67,112402.08,66208.36,126792.22,89945.81,245632.38,204,126792.22,41.52,122958.26,0
23,6,333932.41,100502.51,110471.64,122958.26,80012.29,255926.56,623,122958.26,36.82,157906.67,0
23,7,323955.62,88842.55,77206.4,157906.67,61566.33,247240.67,200,157906.67,48.74,138384.58,0
23,8,305484.6,101688.81,65411.21,138384.58,36843.8,128667.66,145,138384.58,45.3,145777.28,0
23,9,306009.47,94742.74,65489.45,145777.28,30265.05,69582.62,444,145777.28,47.64,109312.61,0
23,10,285503.15,86650.39,89540.15,109312.61,36569.32,188586.52,320,109312.61,38.29,127412.31,0
23,11,319179.89,101224.85,90542.73,127412.31,64911.07,126058.73,139,127412.31,39.92,149486.48,0
24,1,373042.16,97930.88,123985.21,151126.07,65767.96,361392.16,279,151126.07,40.51,97161.6,0
24,2,321519.06,127841.3,96516.16,97161.6,29415.37,285454.71,237,97161.6,30.22,-39769.48,1
24,3,358636.71,278786.96,119619.23,-39769.48,34735.04,310316.94,167,-39769.48,-11.09,138313.28,0
24,4,381717.61,126393.98,117010.35,138313.28,64049.15,317037.49,269,138313.28,36.23,126759.04,0
24,5,337590.74,126339.08,84492.62,126759.04,76971.87,281780.0,481,126759.04,37.55,148910.06,0
24,6,302218.55,86428.8,66879.7,148910.06,49137.03,230104.68,167,148910.06,49.27,110904.32,0
24,7,314096.64,118168.54,85023.79,110904.32,65500.31,53381.2,169,110904.32,35.31,52432.26,0
24,8,359566.2,198203.69,108930.25,52432.26,94901.86,95580.1,165,52432.26,14.58,130409.67,0
24,9,353433.66,125158.84,97865.15,130409.67,36460.6,28815.41,319,130409.67,36.9,98655.67,0
24,10,316935.61,110285.49,107994.46,98655.67,76545.08,253239.47,173,98655.67,31.13,126342.71,0
24,11,345837.37,121253.99,98240.67,126342.71,55944.0,168540.51,155,126342.71,36.53,137715.18,0
25,1,216117.82,81242.82,75051.19,59823.8,41018.34,139790.67,138,59823.8,27.68,85055.23,0
25,2,219633.24,75831.31,58746.69,85055.23,17584.23,25241.11,213,85055.23,38.73,24496.26,0
25,3,211466.17,118522.5,68447.42,24496.26,49178.9,130869.62,336,24496.26,11.58,58701.33,0
25,4,204659.17,78095.06,67862.78,58701.33,27649.75,202525.99,116,58701.33,28.68,98861.98,0
25,5,223250.88,65366.42,59022.48,98861.98,55207.76,132763.25,122,98861.98,44.28,101459.1,0
25,6,211761.31,60954.66,49347.54,101459.1,49635.04,116252.25,374,101459.1,47.91,70566.49,0
25,7,205294.16,79367.03,55360.65,70566.49,27756.58,42410.37,244,70566.49,34.37,72650.34,0
25,8,213052.83,83562.78,56839.71,72650.34,44720.08,147561.46,279,72650.34,34.1,79575.16,0
25,9,218023.86,86253.49,52195.21,79575.16,36676.91,214676.82,210,79575.16,36.5,29190.17,0
25,10,203696.26,106528.17,67977.92,29190.17,40946.6,185773.26,208,29190.17,14.33,71355.27,0
25,11,185013.34,59379.24,54278.84,71355.27,29947.56,92612.87,110,71355.27,38.57,-21180.69,1
26,1,262252.4,241657.9,99499.35,-78904.85,20576.22,99121.44,173,-78904.85,-30.09,23894.03,0
26,2,312560.16,164045.48,124620.65,23894.03,93206.76,54671.36,297,23894.03,7.64,23710.34,0
26,3,274827.37,118781.55,132335.48,23710.34,55508.62,94514.25,127,23710.34,8.63,-104069.15,1
26,4,262686.68,244806.26,121949.58,-104069.15,16492.48,77420.82,424,-104069.15,-39.62,87718.75,0
26,5,350405.89,130665.49,132021.65,87718.75,49849.88,57807.77,261,87718.75,25.03,-40167.35,1
26,6,332322.65,268073.71,104416.29,-40167.35,94855.33,227688.87,178,-40167.35,-12.09,74920.48,0
26,7,339383.63,119471.94,144991.21,74920.48,68943.53,298662.23,174,74920.48,22.08,-57096.45,1
26,8,265821.34,195193.12,127724.67,-57096.45,22736.84,16247.34,197,-57096.45,-21.48,69189.63,0
26,9,306403.42,142612.4,94601.39,69189.63,58112.66,115210.44,156,69189.63,22.58,13214.47,0
26,10,262083.63,125920.26,122948.9,13214.47,41273.66,180659.04,249,13214.47,5.04,33842.86,0
26,11,334945.04,147135.96,153966.22,33842.86,88556.31,308418.56,245,33842.86,10.1,49696.75,0
27,1,230412.77,82707.97,104234.44,43470.35,31092.41,124740.27,183,43470.35,18.87,55270.6,0
27,2,203587.69,71528.92,76788.17,55270.6,40513.38,29763.89,92,55270.6,27.15,29826.65,0
27,3,244444.67,113922.05,100695.97,29826.65,22449.78,237948.31,255,29826.65,12.2,10794.27,0
27,4,224287.04,122346.43,91146.34,10794.27,16782.4,55717.58,95,10794.27,4.81,49062.22,0
27,5,190203.19,78485.68,62655.28,49062.22,15694.04,160475.61,153,49062.22,25.79,35316.32,0
27,6,195942.72,83267.96,77358.44,35316.32,58530.93,111317.43,289,35316.32,18.02,30345.85,0
27,7,202759.76,72220.5,100193.42,30345.85,59819.65,102187.78,129,30345.85,14.97,60932.84,0
27,8,228254.65,87573.87,79747.95,60932.84,31737.99,190700.88,119,60932.84,26.7,37326.25,0
27,9,222823.21,108175.64,77321.31,37326.25,41491.22,46119.94,133,37326.25,16.75,23784.4,0
27,10,198281.08,109043.24,65453.44,23784.4,20190.42,157290.21,100,23784.4,12.0,20163.24,0
27,11,203244.96,103350.93,79730.78,20163.24,17681.51,174776.41,105,20163.24,9.92,28495.31,0
28,1,127522.14,47072.45,30779.4,49670.29,36472.67,24402.15,89,49670.29,38.95,43461.84,0
28,2,131566.69,52251.46,35853.39,43461.84,25942.7,53490.2,122,43461.84,33.03,55584.52,0
28,3,133832.96,41218.02,37030.42,55584.52,26006.39,116742.26,54,55584.52,41.53,45676.32,0
28,4,125231.67,38964.29,40591.07,45676.32,24217.58,120002.6,138,45676.32,36.47,55773.45,0
28,5,137147.43,52659.61,28714.37,55773.45,22228.82,73361.65,78,55773.45,40.67,52455.96,0
28,6,128513.35,49986.22,26071.17,52455.96,28521.03,94659.28,68,52455.96,40.82,47773.97,0
28,7,127218.45,38649.9,40794.58,47773.97,13062.31,122075.72,245,47773.97,37.55,37378.62,0
28,8,125094.25,49996.81,37718.82,37378.62,15468.51,7955.93,63,37378.62,29.88,55288.76,0
28,9,133046.94,36112.6,41645.58,55288.76,28556.55,103485.26,60,55288.76,41.56,59723.91,0
28,10,134311.03,45939.83,28647.29,59723.91,9322.84,58716.2,102,59723.91,44.47,52997.09,0
28,11,128597.83,34290.57,41310.16,52997.09,8754.83,123114.35,83,52997.09,41.21,62356.22,0
29,1,143627.16,75071.07,54615.84,13940.26,12651.02,43498.87,263,13940.26,9.71,10774.94,0
29,2,166017.72,77472.42,77770.36,10774.94,17401.73,13611.08,178,10774.94,6.49,29803.47,0
29,3,176903.39,68562.19,78537.73,29803.47,28921.35,146893.57,109,29803.47,16.85,17793.04,0
29,4,151654.53,72402.63,61458.86,17793.04,16479.29,51264.44,140,17793.04,11.73,3260.54,0
29,5,144844.35,77253.94,64329.87,3260.54,12986.17,128606.22,67,3260.54,2.25,24212.54,0
29,6,159981.04,79085.72,56682.79,24212.54,12108.49,36729.65,77,24212.54,15.13,9038.6,0
29,7,166759.61,88240.07,69480.94,9038.6,22528.0,157325.37,250,9038.6,5.42,-271.21,1
29,8,178382.92,95644.9,83009.23,-271.21,34115.04,155767.64,108,-271.21,-0.15,3701.9,0
29,9,133605.27,71781.33,58122.04,3701.9,8092.86,78345.81,56,3701.9,2.77,6552.3,0
29,10,142501.02,73936.62,62012.11,6552.3,16182.11,125648.23,164,6552.3,4.6,3880.12,0
29,11,149339.46,72462.74,72996.6,3880.12,25216.21,97462.33,59,3880.12,2.6,35028.66,0
30,1,156956.6,57310.37,41197.29,58448.94,41214.76,39458.0,86,58448.94,37.24,55462.23,0
30,2,159771.72,51261.52,53047.97,55462.23,35062.43,100235.11,146,55462.23,34.71,64213.82,0
30,3,163866.66,59121.39,40531.45,64213.82,24380.53,119220.62,182,64213.82,39.19,57451.84,0
30,4,153879.39,59017.71,37409.84,57451.84,9928.76,23995.43,100,57451.84,37.34,81844.95,0
30,5,166713.45,42045.8,42822.7,81844.95,9141.22,28032.86,125,81844.95,49.09,65187.52,0
30,6,156916.97,50830.07,40899.38,65187.52,31192.41,9325.2,109,65187.52,41.54,64696.67,0
30,7,161101.67,56648.4,39756.6,64696.67,39184.82,87837.67,65,64696.67,40.16,87329.03,0
30,8,165200.24,44411.2,33460.01,87329.03,41595.58,27125.36,160,87329.03,52.86,24595.41,0
30,9,161721.87,95764.33,41362.13,24595.41,34222.72,157757.21,73,24595.41,15.21,71231.19,0
30,10,173027.04,43869.14,57926.7,71231.19,42407.89,83934.72,133,71231.19,41.17,75566.83,0
30,11,157833.98,44861.99,37405.16,75566.83,37384.73,78935.82,256,75566.83,47.88,42261.28,0
31,1,244724.57,115986.46,117275.69,11462.43,31517.28,76458.19,99,11462.43,4.68,13649.05,0
31,2,215751.64,98264.74,103837.85,13649.05,45459.89,176779.81,90,13649.05,6.33,58846.53,0
31,3,255730.37,117063.8,79820.04,58846.53,56906.18,238871.72,171,58846.53,23.01,63472.52,0
31,4,215134.05,85203.88,66457.65,63472.52,26994.84,166305.91,178,63472.52,29.5,21634.53,0
31,5,244576.23,122819.06,100122.64,21634.53,40269.35,142546.55,109,21634.53,8.85,17486.22,0
31,6,235668.5,105171.0,113011.28,17486.22,19855.02,234544.91,151,17486.22,7.42,52801.5,0
31,7,262807.01,97706.04,112299.47,52801.5,39859.55,251077.67,170,52801.5,20.09,45309.08,0
31,8,211345.64,83232.88,82803.68,45309.08,19871.53,53525.22,401,45309.08,21.44,28436.43,0
31,9,216581.68,106051.87,82093.38,28436.43,63190.56,91647.42,98,28436.43,13.13,34296.38,0
31,10,257128.6,129751.67,93080.55,34296.38,42312.74,203718.21,106,34296.38,13.34,15129.43,0
31,11,242826.2,114277.13,113419.64,15129.43,35026.8,139477.13,115,15129.43,6.23,43015.28,0
32,1,446269.72,119500.05,108592.03,218177.64,124903.2,443410.14,756,218177.64,48.89,152086.77,0
32,2,400133.37,145709.04,102337.55,152086.77,95458.31,369125.08,166,152086.77,38.01,145187.99,0
32,3,368294.2,135581.02,87525.19,145187.99,51430.3,248156.46,375,145187.99,39.42,162920.44,0
32,4,424797.24,118407.53,143469.26,162920.44,74972.24,110366.63,735,162920.44,38.35,127110.58,0
32,5,396987.61,155844.98,114032.05,127110.58,77421.4,214716.09,196,127110.58,32.02,190270.68,0
32,6,418482.63,122353.61,105858.35,190270.68,119943.04,375768.24,312,190270.68,45.47,178970.57,0
32,7,402482.24,130658.2,92853.46,178970.57,38853.21,146900.57,182,178970.57,44.47,11315.0,0
32,8,434698.67,331804.07,91579.6,11315.0,76824.34,190807.27,204,11315.0,2.6,130656.11,0
32,9,395581.33,140052.69,124872.53,130656.11,34771.11,348937.91,250,130656.11,33.03,87088.28,0
32,10,423818.46,224933.55,111796.62,87088.28,102304.13,21195.61,317,87088.28,20.55,144977.87,0
32,11,391705.6,155100.43,91627.3,144977.87,49349.28,105328.0,778,144977.87,37.01,119901.89,0
33,1,130850.48,49078.26,48073.54,33698.68,19815.71,33950.99,64,33698.68,25.75,27517.01,0
33,2,130051.49,59627.85,42906.62,27517.01,19978.18,99637.41,240,27517.01,21.16,24248.87,0
33,3,142185.55,57410.17,60526.51,24248.87,19966.77,135324.84,80,24248.87,17.05,25560.21,0
33,4,120570.8,45333.21,49677.38,25560.21,27384.33,25740.03,49,25560.21,21.2,37322.18,0
33,5,126810.82,48953.94,40534.7,37322.18,10209.24,21414.42,57,37322.18,29.43,4470.01,0
33,6,138577.15,91678.76,42428.39,4470.01,14321.72,94494.22,170,4470.01,3.23,18566.45,0
33,7,144234.47,69839.92,55828.09,18566.45,18461.44,73325.25,95,18566.45,12.87,-46533.42,1
33,8,135502.69,116816.71,65219.4,-46533.42,10988.69,109441.45,78,-46533.42,-34.34,14396.34,0
33,9,141274.6,69399.54,57478.72,14396.34,22236.48,48512.67,96,14396.34,10.19,23345.51,0
33,10,174221.68,65106.38,85769.8,23345.51,50196.19,46236.87,77,23345.51,13.4,23818.63,0
33,11,147315.7,69975.82,53521.26,23818.63,25836.06,17287.05,130,23818.63,16.17,-1095.62,1
34,1,140786.66,59213.7,59729.94,21843.02,32827.9,61143.79,221,21843.02,15.51,18991.36,0
34,2,139543.44,70713.91,49838.17,18991.36,30889.47,51049.64,227,18991.36,13.61,13986.53,0
34,3,160107.19,76586.78,69533.89,13986.53,15970.38,71634.71,79,13986.53,8.74,41510.76,0
34,4,151413.54,56064.58,53838.2,41510.76,23924.06,148589.72,238,41510.76,27.42,18210.06,0
34,5,136708.04,74387.67,44110.31,18210.06,32054.11,98337.75,101,18210.06,13.32,31041.84,0
34,6,154304.47,64700.61,58562.01,31041.84,15636.17,78523.65,148,31041.84,20.12,-30911.79,1
34,7,165206.54,126611.41,69506.92,-30911.79,47555.66,54918.99,241,-30911.79,-18.71,14473.33,0
34,8,137238.27,64475.76,58289.18,14473.33,16036.36,8831.99,56,14473.33,10.55,14170.19,0
34,9,163491.07,80327.41,68993.47,14170.19,19255.01,101002.31,73,14170.19,8.67,19381.29,0
34,10,138961.77,74948.58,44631.9,19381.29,39768.64,104180.82,61,19381.29,13.95,11669.05,0
34,11,158225.11,77566.37,68989.69,11669.05,8520.22,95533.12,157,11669.05,7.37,9356.91,0
35,1,430817.1,369453.98,205935.49,-144572.37,114308.66,356022.81,282,-144572.37,-33.56,23834.51,0
35,2,377902.46,165399.21,188668.73,23834.51,70561.57,259672.55,198,23834.51,6.31,69904.61,0
35,3,396459.08,203650.69,122903.79,69904.61,22747.24,153894.5,745,69904.61,17.63,52323.99,0
35,4,343474.55,125515.57,165634.99,52323.99,53648.28,87440.78,202,52323.99,15.23,34606.08,0
35,5,325244.57,135499.16,155139.34,34606.08,56389.36,103798.4,156,34606.08,10.64,70085.54,0
35,6,417702.52,179398.9,168218.08,70085.54,124022.1,136555.71,204,70085.54,16.78,41419.4,0
35,7,335828.7,171253.75,123155.56,41419.4,93633.84,291107.28,589,41419.4,12.33,40556.86,0
35,8,367837.88,186668.41,140612.61,40556.86,77057.83,309705.14,245,40556.86,11.03,37465.3,0
35,9,342697.81,173678.39,131554.12,37465.3,84397.71,212096.75,379,37465.3,10.93,57438.29,0
35,10,381835.21,178716.65,145680.28,57438.29,21794.32,95278.53,359,57438.29,15.04,89981.56,0
35,11,401096.39,149358.72,161756.11,89981.56,114566.3,304607.76,206,89981.56,22.43,35648.18,0
36,1,176385.6,90964.01,80759.66,4661.93,49114.06,168478.98,152,4661.93,2.64,31476.98,0
36,2,176848.72,74432.97,70938.77,31476.98,47586.43,26074.5,137,31476.98,17.8,28044.35,0
36,3,201086.64,78176.98,94865.31,28044.35,52177.38,174106.05,100,28044.35,13.95,34530.89,0
36,4,246563.78,107956.01,104076.88,34530.89,53852.33,54315.68,130,34530.89,14.0,60617.2,0
36,5,191496.5,73354.05,57525.25,60617.2,44637.88,103252.36,232,60617.2,31.65,63743.05,0
36,6,193475.4,70949.53,58782.82,63743.05,52763.43,54068.63,160,63743.05,32.95,24265.35,0
36,7,194738.91,88381.26,82092.29,24265.35,12547.62,82078.79,201,24265.35,12.46,22054.03,0
36,8,193258.65,76126.67,95077.95,22054.03,36568.33,85997.46,142,22054.03,11.41,40045.82,0
36,9,228530.31,112077.94,76406.55,40045.82,34962.74,200421.22,129,40045.82,17.52,45088.39,0
36,10,204556.48,93380.2,66087.89,45088.39,16221.53,75756.73,260,45088.39,22.04,16846.25,0
36,11,182135.02,78021.52,87267.26,16846.25,32229.02,81652.6,339,16846.25,9.25,37089.09,0
37,1,492952.31,403868.52,229845.82,-140762.03,40346.47,158352.72,315,-140762.03,-28.55,-121842.04,1
37,2,500428.46,344457.79,277812.7,-121842.04,26693.82,219814.34,278,-121842.04,-24.35,-127318.22,1
37,3,386292.59,296521.34,217089.47,-127318.22,62818.76,207709.45,155,-127318.22,-32.96,-66802.29,1
37,4,445499.42,251401.0,260900.71,-66802.29,30071.6,330904.94,259,-66802.29,-14.99,-2524.72,1
37,5,407735.48,262933.21,147326.99,-2524.72,59042.8,342415.98,186,-2524.72,-0.62,-59955.7,1
37,6,518588.67,315102.79,263441.58,-59955.7,32237.76,312171.89,383,-59955.7,-11.56,-244683.94,1
37,7,506731.47,488235.12,263180.29,-244683.94,115691.34,211453.55,277,-244683.94,-48.29,-33761.72,1
37,8,579786.55,353984.33,259563.94,-33761.72,116741.73,267574.37,283,-33761.72,-5.82,-81435.69,1
37,9,456123.61,342919.43,194639.86,-81435.69,66846.28,277815.62,523,-81435.69,-17.85,-174409.63,1
37,10,504632.37,393733.74,285308.25,-174409.63,119314.44,292702.45,302,-174409.63,-34.56,-117947.29,1
37,11,441780.65,299243.26,260484.68,-117947.29,80984.07,289332.59,221,-117947.29,-26.7,-64676.56,1
38,1,182903.9,166781.82,61738.2,-45616.12,25988.23,84269.11,325,-45616.12,-24.94,53594.18,0
38,2,183951.56,73932.95,56424.43,53594.18,20390.88,106594.47,318,53594.18,29.13,-1134.2,1
38,3,157364.19,83337.53,75160.86,-1134.2,43312.95,156789.78,73,-1134.2,-0.72,25149.42,0
38,4,191652.64,99462.79,67040.43,25149.42,12805.08,26864.34,76,25149.42,13.12,3269.25,0
38,5,191605.97,97974.46,90362.27,3269.25,21148.34,16925.19,144,3269.25,1.71,52213.44,0
38,6,163423.03,61449.7,49759.89,52213.44,40191.37,96071.77,145,52213.44,31.95,30662.94,0
38,7,157850.52,55701.71,71485.87,30662.94,37974.99,13731.59,72,30662.94,19.43,20970.34,0
38,8,184898.07,87624.16,76303.56,20970.34,49202.91,112342.16,111,20970.34,11.34,45339.92,0
38,9,200283.39,85690.47,69253.01,45339.92,56489.03,186800.82,169,45339.92,22.64,33955.46,0
38,10,167982.14,76521.83,57504.85,33955.46,49601.68,112049.71,79,33955.46,20.21,45924.27,0
38,11,184897.05,66686.74,72286.03,45924.27,40563.25,74784.66,77,45924.27,24.84,42822.64,0
39,1,368977.58,144208.73,113817.95,110950.91,60227.39,351011.02,593,110950.91,30.07,87255.7,0
39,2,419644.45,204400.03,127988.72,87255.7,68567.7,202322.68,224,87255.7,20.79,-6599.8,1
39,3,387536.45,209543.68,184592.57,-6599.8,100158.02,255947.96,589,-6599.8,-1.7,73574.35,0
39,4,402253.62,200367.73,128311.54,73574.35,90772.57,45535.6,418,73574.35,18.29,62831.48,0
39,5,386401.19,154273.46,169296.25,62831.48,67772.42,377659.87,206,62831.48,16.26,46291.9,0
39,6,402898.83,171267.55,185339.38,46291.9,32757.75,96907.37,432,46291.9,11.49,15479.97,0
39,7,406864.05,192771.5,198612.58,15479.97,33356.44,154661.93,296,15479.97,3.8,58867.53,0
39,8,429859.59,184492.43,186499.62,58867.53,54382.77,246861.17,206,58867.53,13.69,83670.96,0
39,9,342962.55,152614.97,106676.62,83670.96,23563.35,160003.65,219,83670.96,24.4,44378.94,0
39,10,370643.41,202764.47,123500.0,44378.94,19338.89,73310.62,405,44378.94,11.97,61576.33,0
39,11,341006.75,120751.91,158678.51,61576.33,47203.58,115040.36,139,61576.33,18.06,54279.9,0
40,1,381155.47,141245.06,84072.33,155838.08,67227.13,71228.37,218,155838.08,40.89,33158.88,0
40,2,338689.21,213008.85,92521.47,33158.88,42883.43,281539.52,551,33158.88,9.79,124106.13,0
40,3,349490.43,125380.01,100004.29,124106.13,85367.34,303739.62,309,124106.13,35.51,112952.5,0
40,4,329038.6,108814.19,107271.92,112952.5,89623.48,132567.64,369,112952.5,34.33,162056.34,0
40,5,401489.8,130036.67,109396.79,162056.34,56349.47,348013.34,305,162056.34,40.36,159867.08,0
40,6,369492.58,110565.1,99060.4,159867.08,30113.83,87421.3,153,159867.08,43.27,146337.94,0
40,7,375553.7,126522.98,102692.78,146337.94,40355.75,215954.33,301,146337.94,38.97,149593.85,0
40,8,348243.85,121624.2,77025.8,149593.85,33542.01,109596.14,371,149593.85,42.96,139424.96,0
40,9,378794.68,110932.34,128437.37,139424.96,73037.34,70399.39,303,139424.96,36.81,2975.92,0
40,10,363090.38,267486.98,92627.48,2975.92,94868.33,292698.07,427,2975.92,0.82,135539.49,0
40,11,350994.81,99237.16,116218.16,135539.49,40649.35,17767.61,156,135539.49,38.62,129110.38,0
41,1,170018.78,66082.62,54044.19,49891.97,8774.47,133276.1,89,49891.97,29.34,59645.25,0
41,2,173564.79,59409.15,54510.39,59645.25,39229.26,162875.54,138,59645.25,34.36,-9953.65,1
41,3,167080.2,124498.15,52535.7,-9953.65,17825.0,114705.72,116,-9953.65,-5.96,76460.36,0
41,4,184039.18,67364.4,40214.42,76460.36,22014.34,158334.96,78,76460.36,41.55,69826.07,0
41,5,162481.97,48809.76,43846.15,69826.07,45290.46,37319.21,69,69826.07,42.97,61793.24,0
41,6,174537.12,61846.13,50897.75,61793.24,11149.65,102984.17,96,61793.24,35.4,50702.35,0
41,7,171137.87,64771.23,55664.28,50702.35,24211.12,60265.7,85,50702.35,29.63,74208.49,0
41,8,157154.51,49451.32,33494.7,74208.49,24303.25,51529.49,134,74208.49,47.22,75641.37,0
41,9,178759.51,62209.65,40908.48,75641.37,36628.53,110767.65,118,75641.37,42.31,65903.36,0
41,10,182811.81,55311.91,61596.55,65903.36,29963.73,126909.45,115,65903.36,36.05,63107.81,0
41,11,162185.62,59874.41,39203.41,63107.81,20806.92,139002.41,239,63107.81,38.91,48970.87,0
42,1,456087.95,124316.28,157446.79,174324.89,79988.47,129677.52,316,174324.89,38.22,143330.07,0
42,2,424007.81,148100.43,132577.31,143330.07,82457.98,385483.21,198,143330.07,33.8,152896.6,0
42,3,428340.56,132940.18,142503.78,152896.6,118776.19,149141.4,227,152896.6,35.7,234137.07,0
42,4,487112.18,141625.42,111349.69,234137.07,66016.81,223321.32,225,234137.07,48.07,195055.42,0
42,5,456708.04,150584.97,111067.65,195055.42,57081.89,281459.05,333,195055.42,42.71,221724.13,0
42,6,436592.26,119914.79,94953.34,221724.13,120326.25,164490.41,222,221724.13,50.79,157554.23,0
42,7,460870.76,171972.61,131343.92,157554.23,126553.55,197963.74,399,157554.23,34.19,192412.39,0
42,8,453379.71,114080.16,146887.16,192412.39,34508.38,271127.64,317,192412.39,42.44,215163.72,0
42,9,482077.68,122865.46,144048.5,215163.72,36549.32,103115.3,294,215163.72,44.63,168591.47,0
42,10,462148.93,136081.44,157476.03,168591.47,136746.08,137113.72,189,168591.47,36.48,217789.68,0
42,11,407439.33,104936.99,84712.66,217789.68,67016.54,108051.09,235,217789.68,53.45,183048.4,0
43,1,100416.21,27454.33,32654.21,40307.67,27938.11,58984.86,116,40307.67,40.14,42913.26,0
43,2,96959.56,26270.21,27776.09,42913.26,23791.59,30248.43,106,42913.26,44.26,31705.82,0
43,3,99334.8,33798.9,33830.09,31705.82,11169.51,66698.57,57,31705.82,31.92,34775.57,0
43,4,96339.69,28884.22,32679.89,34775.57,10211.59,26703.96,63,34775.57,36.1,43387.18,0
43,5,105034.62,29905.67,31741.77,43387.18,6480.26,37147.54,76,43387.18,41.31,28853.15,0
43,6,106558.95,41013.37,36692.42,28853.15,25308.51,59148.52,67,28853.15,27.08,-4669.48,1
43,7,95637.7,73198.75,27108.43,-4669.48,8518.54,24778.22,62,-4669.48,-4.88,41447.02,0
43,8,96585.3,34434.32,20703.96,41447.02,28219.2,28900.82,85,41447.02,42.91,14715.12,0
43,9,89069.57,52723.46,21630.98,14715.12,5412.14,70535.59,68,14715.12,16.52,33820.98,0
43,10,96804.16,30646.8,32336.38,33820.98,5035.25,91578.29,99,33820.98,34.94,41502.26,0
43,11,101258.89,32916.39,26840.25,41502.26,18922.03,31457.63,43,41502.26,40.99,37820.28,0
44,1,70495.44,24720.21,22615.96,23159.27,10578.06,55982.76,68,23159.27,32.85,31071.75,0
44,2,78151.26,31147.17,15932.34,31071.75,16792.87,54990.61,105,31071.75,39.76,29098.5,0
44,3,68962.17,20418.49,19445.18,29098.5,6210.48,14646.85,51,29098.5,42.19,-1226.52,1
44,4,75625.66,51540.67,25311.51,-1226.52,5676.57,4973.36,41,-1226.52,-1.62,35558.43,0
44,5,69535.36,19822.58,14154.35,35558.43,20420.63,12425.03,72,35558.43,51.14,21004.65,0
44,6,74811.14,28447.79,25358.7,21004.65,4687.34,6540.16,45,21004.65,28.08,33316.9,0
44,7,72299.66,24400.26,14582.51,33316.9,9153.73,6380.09,43,33316.9,46.08,25232.06,0
44,8,73289.95,22694.43,25363.46,25232.06,8707.56,53059.5,70,25232.06,34.43,33445.29,0
44,9,72717.63,24177.18,15095.16,33445.29,18767.76,59291.51,76,33445.29,45.99,30050.02,0
44,10,76367.47,21681.63,24635.83,30050.02,5638.99,36469.72,64,30050.02,39.35,35600.63,0
44,11,76000.6,19584.9,20815.07,35600.63,10153.7,32288.38,48,35600.63,46.84,31157.31,0
45,1,61237.25,15829.96,12565.94,32841.36,13734.96,14315.04,34,32841.36,53.63,20492.97,0
45,2,54198.03,15661.83,18043.23,20492.97,6738.0,14551.85,40,20492.97,37.81,19073.4,0
45,3,58664.55,21935.25,17655.91,19073.4,8755.57,11644.98,29,19073.4,32.51,21116.31,0
45,4,53426.79,16245.55,16064.94,21116.31,3756.3,53050.28,65,21116.31,39.52,19416.65,0
45,5,58235.91,19606.34,19212.91,19416.65,9720.76,37178.99,44,19416.65,33.34,26021.71,0
45,6,59637.09,18733.38,14882.0,26021.71,15663.3,14399.49,25,26021.71,43.63,-5668.09,1
45,7,59122.47,46053.02,18737.54,-5668.09,3549.4,52939.31,23,-5668.09,-9.59,27542.46,0
45,8,58064.55,17077.37,13444.72,27542.46,6576.19,50648.79,82,27542.46,47.43,23611.42,0
45,9,59046.54,17634.22,17800.91,23611.42,11855.81,41238.45,35,23611.42,39.99,25683.55,0
45,10,57812.98,18174.05,13955.38,25683.55,6161.02,40916.36,59,25683.55,44.43,30663.7,0
45,11,60337.68,17063.92,12610.06,30663.7,12158.0,51707.83,102,30663.7,50.82,22731.15,0
46,1,96651.43,43158.99,44023.87,9468.57,22332.63,50062.45,54,9468.57,9.8,10528.54,0
46,2,96311.18,49225.14,36557.49,10528.54,19070.02,19994.78,175,10528.54,10.93,15468.1,0
46,3,98813.23,51181.7,32163.42,15468.1,26259.84,19086.08,44,15468.1,15.65,490.18,0
46,4,77296.34,42380.87,34425.3,490.18,23080.98,48326.23,69,490.18,0.63,17607.7,0
46,5,96199.17,44851.82,33739.66,17607.7,6774.04,89279.83,83,17607.7,18.3,-17237.8,1
46,6,101748.32,79459.62,39526.51,-17237.8,28049.61,86018.01,134,-17237.8,-16.94,6928.59,0
46,7,94892.42,50753.29,37210.54,6928.59,12294.78,85360.65,53,6928.59,7.3,21285.25,0
46,8,91512.8,37305.22,32922.33,21285.25,4887.56,32632.57,56,21285.25,23.26,14483.96,0
46,9,103502.8,44175.88,44842.96,14483.96,11016.0,43513.07,70,14483.96,13.99,29111.74,0
46,10,95077.62,35901.6,30064.28,29111.74,27971.7,41310.16,140,29111.74,30.62,14976.95,0
46,11,78394.11,34908.29,28508.86,14976.95,20765.74,48031.0,41,14976.95,19.1,11687.28,0
47,1,145861.67,96071.29,57857.49,-8067.12,23448.49,92804.58,66,-8067.12,-5.53,-9224.84,1
47,2,123045.64,85342.41,46928.06,-9224.84,20871.34,74600.79,77,-9224.84,-7.5,-17606.17,1
47,3,125590.11,91900.86,51295.42,-17606.17,7584.98,65711.69,66,-17606.17,-14.02,-9137.24,1
47,4,111339.67,72941.25,47535.66,-9137.24,28111.16,67246.23,56,-9137.24,-8.21,-16841.16,1
47,5,141178.09,101903.21,56116.04,-16841.16,19716.28,129286.97,260,-16841.16,-11.93,-6143.69,1
47,6,105665.66,73323.76,38485.58,-6143.69,14036.42,73107.93,81,-6143.69,-5.81,-26783.89,1
47,7,119366.18,76478.13,69671.95,-26783.89,23411.98,115887.34,95,-26783.89,-22.44,-3767.31,1
47,8,143651.87,84955.57,62463.61,-3767.31,30817.0,143344.73,102,-3767.31,-2.62,-17495.48,1
47,9,108111.05,63894.75,61711.77,-17495.48,23235.5,50804.81,60,-17495.48,-16.18,-21237.43,1
47,10,101194.2,66427.64,56003.99,-21237.43,29208.84,19617.58,69,-21237.43,-20.99,-7646.78,1
47,11,141842.98,87855.99,61633.77,-7646.78,12860.22,106048.54,154,-7646.78,-5.39,-13476.64,1
48,1,344556.91,106622.07,84226.55,153708.3,30273.25,158886.53,203,153708.3,44.61,132174.45,0
48,2,332956.28,87265.28,113516.55,132174.45,65477.84,278689.98,504,132174.45,39.7,113161.47,0
48,3,367190.83,137438.77,116590.59,113161.47,104730.19,61735.26,163,113161.47,30.82,122490.03,0
48,4,324231.31,128279.21,73462.07,122490.03,19477.02,141089.8,211,122490.03,37.78,128801.11,0
48,5,341674.05,119872.1,93000.84,128801.11,98276.8,24246.16,138,128801.11,37.7,138065.13,0
48,6,332749.46,87486.43,107197.91,138065.13,27633.15,155681.11,186,138065.13,41.49,104524.84,0
48,7,321891.88,109417.22,107949.82,104524.84,33503.53,151433.54,539,104524.84,32.47,99486.11,0
48,8,328363.3,122503.53,106373.66,99486.11,45404.67,265906.7,204,99486.11,30.3,115733.87,0
48,9,337855.13,124216.1,97905.16,115733.87,97804.49,190569.94,197,115733.87,34.26,147402.91,0
48,10,348404.97,98624.09,102377.97,147402.91,33519.9,37142.67,203,147402.91,42.31,27789.67,0
48,11,332987.14,205308.55,99888.92,27789.67,30249.11,75000.73,368,27789.67,8.35,172529.05,0
49,1,205255.56,52108.52,58086.01,95061.03,61298.65,49620.48,201,95061.03,46.31,82019.56,0
49,2,207467.21,55400.2,70047.46,82019.56,53025.46,188302.55,133,82019.56,39.53,73904.15,0
49,3,187823.77,63556.22,50363.39,73904.15,53385.52,184974.47,89,73904.15,39.35,67516.14,0
49,4,201900.8,73393.71,60990.95,67516.14,13078.42,142580.32,103,67516.14,33.44,25477.79,0
49,5,204942.61,133254.18,46210.64,25477.79,49492.19,90788.5,113,25477.79,12.43,93110.71,0
49,6,202535.95,68243.04,41182.2,93110.71,12224.47,196340.9,126,93110.71,45.97,87530.9,0
49,7,194632.31,50146.28,56955.13,87530.9,38327.82,30507.89,167,87530.9,44.97,76087.8,0
49,8,207212.26,76097.64,55026.82,76087.8,43900.92,176455.18,180,76087.8,36.72,76596.88,0
49,9,208720.54,75042.65,57081.01,76596.88,49032.78,131840.83,391,76596.88,36.7,83055.49,0
49,10,208047.67,58090.24,66901.94,83055.49,48452.33,83950.19,134,83055.49,39.92,71894.64,0
49,11,202039.62,70989.49,59155.49,71894.64,13091.01,131560.62,99,71894.64,35.58,91233.2,0
50,1,184804.43,59612.44,48558.92,76633.07,36673.54,110293.83,224,76633.07,41.47,64767.23,0
50,2,163463.52,52432.72,46263.57,64767.23,16759.39,123440.76,296,64767.23,39.62,78185.36,0
50,3,183429.64,61372.61,43871.67,78185.36,35190.56,147923.43,93,78185.36,42.62,64740.64,0
50,4,168045.27,57390.18,45914.45,64740.64,19381.21,75308.56,98,64740.64,38.53,74869.32,0
50,5,157754.3,39591.54,43293.44,74869.32,36859.62,11476.46,94,74869.32,47.46,66690.69,0
50,6,174301.2,68190.31,39420.2,66690.69,12698.8,112319.31,108,66690.69,38.26,-12904.8,1
50,7,178169.74,150194.54,40880.0,-12904.8,34614.69,159662.46,105,-12904.8,-7.24,55394.86,0
50,8,152173.29,56536.05,40242.38,55394.86,42343.8,90317.41,176,55394.86,36.4,77662.08,0
50,9,166296.7,47731.9,40902.72,77662.08,32760.1,75694.06,96,77662.08,46.7,88093.2,0
50,10,167925.95,44036.27,35796.48,88093.2,30145.96,42534.79,157,88093.2,52.46,82769.9,0
50,11,183723.32,46312.85,54640.57,82769.9,45869.09,171986.21,340,82769.9,45.05,66966.25,0
51,1,472965.6,127671.96,139890.6,205403.04,30401.89,85487.7,942,205403.04,43.43,209130.15,0
51,2,509050.77,196230.7,103689.92,209130.15,78427.26,197889.8,219,209130.15,41.08,152015.87,0
51,3,493280.33,173670.15,167594.31,152015.87,123783.18,63898.89,387,152015.87,30.82,172929.54,0
51,4,479076.03,146641.37,159505.12,172929.54,42145.06,173487.92,786,172929.54,36.1,208076.07,0
51,5,539002.59,193457.02,137469.49,208076.07,54787.06,187359.0,304,208076.07,38.6,228884.33,0
51,6,467840.6,144909.92,94046.35,228884.33,131172.38,384318.77,217,228884.33,48.92,197723.95,0
51,7,477886.44,174322.97,105839.52,197723.95,100543.55,35502.81,230,197723.95,41.37,193963.86,0
51,8,518065.2,199707.51,124393.82,193963.86,36576.18,321184.6,352,193963.86,37.44,154261.73,0
51,9,511579.38,194756.88,162560.77,154261.73,142195.87,72967.75,231,154261.73,30.15,243854.08,0
51,10,494924.01,148093.15,102976.78,243854.08,53362.7,139267.94,445,243854.08,49.27,214249.78,0
51,11,492569.21,129367.54,148951.89,214249.78,140822.35,432322.6,456,214249.78,43.5,152832.49,0
52,1,452990.64,334087.98,201965.55,-83062.89,84812.26,104068.26,233,-83062.89,-18.34,-109082.61,1
52,2,550946.18,383961.65,276067.15,-109082.61,141808.41,398840.62,775,-109082.61,-19.8,-119982.63,1
52,3,485968.82,391762.78,214188.67,-119982.63,37977.31,212557.48,213,-119982.63,-24.69,-103766.9,1
52,4,508592.17,312109.57,300249.5,-103766.9,59830.69,145636.49,213,-103766.9,-20.4,7824.95,0
52,5,511476.75,306828.63,196823.17,7824.95,150345.88,204938.19,421,7824.95,1.53,-56522.39,1
52,6,427362.66,278692.86,205192.18,-56522.39,75378.31,227515.03,550,-56522.39,-13.23,-78561.65,1
52,7,473386.01,337131.52,214816.14,-78561.65,46831.21,392550.92,263,-78561.65,-16.6,-46928.34,1
52,8,435543.25,280158.63,202312.96,-46928.34,77621.95,154535.89,257,-46928.34,-10.77,-80819.17,1
52,9,462783.89,341711.64,201891.42,-80819.17,71580.54,119700.52,924,-80819.17,-17.46,-186071.32,1
52,10,463944.13,389756.78,260258.67,-186071.32,37157.7,52993.79,238,-186071.32,-40.11,-27519.55,1
52,11,457073.38,266066.96,218525.96,-27519.55,93852.09,334935.24,633,-27519.55,-6.02,-199275.28,1
53,1,315767.49,165932.79,143559.49,6275.21,18292.61,176267.2,548,6275.21,1.99,38067.35,0
53,2,306397.91,156757.33,111573.24,38067.35,36725.26,243088.48,134,38067.35,12.42,60175.39,0
53,3,317292.38,128000.51,129116.48,60175.39,41714.54,303439.45,426,60175.39,18.97,-94954.47,1
53,4,285965.36,243419.94,137499.89,-94954.47,82314.9,51522.34,181,-94954.47,-33.2,83714.53,0
53,5,285783.35,103535.03,98533.79,83714.53,45628.71,279673.72,135,83714.53,29.29,24920.01,0
53,6,262013.19,130346.85,106746.34,24920.01,35327.42,189554.53,105,24920.01,9.51,-647.25,1
53,7,319711.16,165886.28,154472.13,-647.25,38653.71,115085.8,590,-647.25,-0.2,49995.47,0
53,8,264142.14,132646.16,81500.51,49995.47,21042.92,56336.95,181,49995.47,18.93,45916.36,0
53,9,277581.93,121584.83,110080.74,45916.36,21898.33,234445.66,184,45916.36,16.54,56487.11,0
53,10,302835.29,106863.38,139484.8,56487.11,61015.72,160055.4,134,56487.11,18.65,58787.81,0
53,11,343872.37,168561.79,116522.77,58787.81,88531.77,231078.48,260,58787.81,17.1,50860.91,0
54,1,106979.22,29618.72,27689.72,49670.78,9125.3,82945.28,149,49670.78,46.43,37442.45,0
54,2,108350.19,43035.46,27872.27,37442.45,14697.46,70025.15,122,37442.45,34.56,56410.7,0
54,3,115258.88,30008.29,28839.89,56410.7,24078.89,44738.87,144,56410.7,48.94,37745.31,0
54,4,111549.63,37867.76,35936.56,37745.31,9266.11,26420.95,114,37745.31,33.84,40586.52,0
54,5,114184.69,38838.99,34759.19,40586.52,29231.21,27847.74,79,40586.52,35.54,40987.02,0
54,6,101746.32,37660.47,23098.84,40987.02,27565.21,38234.56,54,40987.02,40.28,45227.52,0
54,7,107070.83,36561.68,25281.62,45227.52,7510.5,20322.59,97,45227.52,42.24,5924.63,0
54,8,108204.3,65855.52,36424.16,5924.63,8744.19,37037.81,46,5924.63,5.48,37728.17,0
54,9,112511.71,37354.07,37429.48,37728.17,20661.63,26517.33,135,37728.17,33.53,38055.16,0
54,10,104733.92,40581.6,26097.15,38055.16,25131.52,38948.69,43,38055.16,36.34,46080.71,0
54,11,112275.62,42904.36,23290.56,46080.71,18666.84,29823.73,56,46080.71,41.04,40778.01,0
55,1,326970.26,234268.06,139958.96,-47256.75,84434.95,322549.57,157,-47256.75,-14.45,-250584.78,1
55,2,424512.8,490517.26,184580.32,-250584.78,68554.1,29300.75,679,-250584.78,-59.03,-88944.63,1
55,3,461100.99,317281.34,232764.28,-88944.63,48314.86,72485.55,272,-88944.63,-19.29,-11429.11,1
55,4,326904.9,221721.51,116612.51,-11429.11,59771.03,139257.83,189,-11429.11,-3.5,-119849.32,1
55,5,377861.68,314860.48,182850.52,-119849.32,81876.16,202315.53,278,-119849.32,-31.72,34323.09,0
55,6,443801.24,251697.29,157780.86,34323.09,65204.96,80527.64,224,34323.09,7.73,-104234.14,1
55,7,485097.68,368819.62,220512.2,-104234.14,86793.26,253410.75,566,-104234.14,-21.49,-72033.49,1
55,8,400886.61,248212.44,224707.66,-72033.49,39260.45,231601.18,240,-72033.49,-17.97,-26314.97,1
55,9,423430.95,263849.88,185896.04,-26314.97,108787.37,318790.34,203,-26314.97,-6.21,16330.11,0
55,10,387745.7,222080.45,149335.13,16330.11,91897.29,327530.48,203,16330.11,4.21,-39847.15,1
55,11,409671.21,278984.39,170533.97,-39847.15,29979.21,227618.13,191,-39847.15,-9.73,-80791.95,1
56,1,67058.56,37413.41,35560.02,-5914.87,11520.86,4930.59,67,-5914.87,-8.82,-3246.18,1
56,2,76674.62,47724.42,32196.37,-3246.18,19420.68,22588.73,37,-3246.18,-4.23,-28312.83,1
56,3,76057.37,63490.25,40879.96,-28312.83,5128.54,68355.38,59,-28312.83,-37.23,-12762.3,1
56,4,55826.55,38935.24,29653.61,-12762.3,7201.58,47988.6,95,-12762.3,-22.86,-3637.53,1
56,5,76031.71,46888.0,32781.25,-3637.53,7215.41,24123.58,53,-3637.53,-4.78,-19665.29,1
56,6,70963.2,51900.32,38728.17,-19665.29,18550.98,11249.46,70,-19665.29,-27.71,-23692.57,1
56,7,71654.74,61915.83,33431.47,-23692.57,11195.22,29646.36,36,-23692.57,-33.06,-21819.63,1
56,8,83774.22,56506.8,49087.04,-21819.63,12425.0,53270.1,37,-21819.63,-26.05,-19115.57,1
56,9,85118.6,61308.45,42925.73,-19115.57,12858.05,84574.01,38,-19115.57,-22.46,-10556.62,1
56,10,64761.82,44287.37,31031.07,-10556.62,16970.53,45392.58,59,-10556.62,-16.3,1450.97,0
56,11,69826.55,42266.73,26108.86,1450.97,6492.34,39798.23,84,1450.97,2.08,1480.66,0
57,1,180245.98,118928.78,93868.24,-32551.04,14695.24,108622.62,88,-32551.04,-18.06,-35074.06,1
57,2,130451.83,91173.64,74352.25,-35074.06,26856.94,22793.01,116,-35074.06,-26.89,-14418.71,1
57,3,170191.61,117212.53,67397.78,-14418.71,18116.45,108206.27,293,-14418.71,-8.47,-12489.84,1
57,4,176222.05,106391.65,82320.24,-12489.84,18022.99,30633.64,194,-12489.84,-7.09,-267.01,1
57,5,150772.89,97477.49,53562.42,-267.01,38321.01,134335.17,223,-267.01,-0.18,-49319.22,1
57,6,181926.55,126036.29,105209.47,-49319.22,15177.02,170760.77,90,-49319.22,-27.11,-34741.56,1
57,7,160297.84,101338.05,93701.35,-34741.56,36099.41,124559.51,67,-34741.56,-21.67,-86771.48,1
57,8,164449.25,160855.95,90364.78,-86771.48,19847.6,55792.02,66,-86771.48,-52.76,-55550.38,1
57,9,179931.41,155538.18,79943.6,-55550.38,48110.67,39877.24,75,-55550.38,-30.87,-17166.63,1
57,10,172222.78,115065.79,74323.63,-17166.63,34798.1,81348.54,86,-17166.63,-9.97,-63810.54,1
57,11,153503.64,149972.24,67341.94,-63810.54,41612.67,29803.62,90,-63810.54,-41.57,-28541.61,1
58,1,475323.35,195901.22,191506.79,87915.34,79245.68,186200.26,302,87915.34,18.5,49522.22,0
58,2,420339.58,207426.05,163391.32,49522.22,52011.33,210880.34,208,49522.22,11.78,29080.33,0
58,3,445562.96,244775.28,171707.34,29080.33,25666.2,329954.1,198,29080.33,6.53,-74684.03,1
58,4,432592.29,363789.95,143486.37,-74684.03,55304.97,186712.04,287,-74684.03,-17.26,83199.31,0
58,5,433662.53,205127.98,145335.24,83199.31,99241.61,422646.56,480,83199.31,19.19,150722.53,0
58,6,452578.01,159266.12,142589.36,150722.53,115469.02,25699.63,320,150722.53,33.3,84711.0,0
58,7,405309.99,178355.55,142243.44,84711.0,91763.73,221085.83,540,84711.0,20.9,12625.87,0
58,8,413489.33,224228.2,176635.26,12625.87,28862.91,39159.7,767,12625.87,3.05,29036.82,0
58,9,406548.03,218383.46,159127.75,29036.82,77440.82,63558.84,236,29036.82,7.14,29214.02,0
58,10,374947.28,173857.95,171875.31,29214.02,42263.45,200286.95,161,29214.02,7.79,62224.78,0
58,11,416279.59,224405.64,129649.17,62224.78,26070.28,237254.18,182,62224.78,14.95,95340.57,0
59,1,485802.84,132710.71,129191.71,223900.43,55720.66,170339.13,720,223900.43,46.09,182979.44,0
59,2,508936.06,150381.94,175574.68,182979.44,68054.71,301448.55,219,182979.44,35.95,220783.3,0
59,3,497412.44,143575.51,133053.62,220783.3,116041.39,495248.91,462,220783.3,44.39,196923.15,0
59,4,505880.08,167311.24,141645.68,196923.15,46687.91,495046.01,229,196923.15,38.93,246218.16,0
59,5,566875.22,161043.1,159613.96,246218.16,101352.62,561643.48,329,246218.16,43.43,190884.95,0
59,6,504278.06,154130.6,159262.51,190884.95,73689.63,191429.5,369,190884.95,37.85,173311.73,0
59,7,503192.24,185729.35,144151.16,173311.73,127053.37,139069.85,530,173311.73,34.44,22076.41,0
59,8,542312.37,390554.23,129681.74,22076.41,96408.74,256644.95,222,22076.41,4.07,235893.23,0
59,9,531648.49,144032.9,151722.36,235893.23,104084.25,389227.02,427,235893.23,44.37,238603.88,0
59,10,510439.91,134688.47,137147.57,238603.88,136167.53,143839.69,209,238603.88,46.74,177335.98,0
59,11,523901.91,206937.76,139628.17,177335.98,95100.51,368502.52,500,177335.98,33.85,57728.77,0
60,1,314726.75,143043.11,134767.56,36916.08,47610.92,16546.05,143,36916.08,11.73,-48736.81,1
60,2,281692.5,217975.26,112454.05,-48736.81,83556.15,88551.24,218,-48736.81,-17.3,61756.33,0
60,3,301857.22,130848.56,109252.32,61756.33,66193.14,49223.93,473,61756.33,20.46,61310.95,0
60,4,292972.51,130873.74,100787.82,61310.95,78933.55,39576.99,151,61310.95,20.93,61357.91,0
60,5,300716.06,148698.76,90659.39,61357.91,25509.7,262499.76,134,61357.91,20.4,46434.42,0
60,6,261673.55,113479.75,101759.38,46434.42,59962.91,102243.26,252,46434.42,17.75,51593.48,0
60,7,260362.64,130004.44,78764.72,51593.48,24920.9,70502.0,146,51593.48,19.82,-1143.34,1
60,8,276691.41,151789.78,126044.97,-1143.34,26010.7,241529.8,199,-1143.34,-0.41,54788.71,0
60,9,305997.58,135126.28,116082.59,54788.71,58850.83,15903.52,299,54788.71,17.9,34345.01,0
60,10,337043.48,152901.78,149796.69,34345.01,62932.86,245615.95,242,34345.01,10.19,29218.14,0
60,11,278849.3,114129.94,135501.22,29218.14,59428.08,27908.29,200,29218.14,10.48,48456.24,0
61,1,210351.5,157254.57,117498.39,-64401.47,34621.94,116171.23,369,-64401.47,-30.62,-21590.75,1
61,2,226425.49,164156.88,83859.35,-21590.75,42195.97,40019.69,120,-21590.75,-9.54,-9169.03,1
61,3,208262.77,136963.47,80468.33,-9169.03,34741.41,31526.03,115,-9169.03,-4.4,-138378.84,1
61,4,229989.85,240253.66,128115.03,-138378.84,14334.63,67756.22,298,-138378.84,-60.17,-74157.3,1
61,5,203960.96,175608.71,102509.56,-74157.3,15934.61,152792.13,194,-74157.3,-36.36,-45676.75,1
61,6,186688.47,151110.84,81254.38,-45676.75,22362.03,174392.92,339,-45676.75,-24.47,-219274.5,1
61,7,244836.25,318773.55,145337.2,-219274.5,51801.84,162809.99,323,-219274.5,-89.56,-95441.14,1
61,8,241659.7,193163.33,143937.51,-95441.14,14496.44,95257.14,112,-95441.14,-39.49,-8628.6,1
61,9,211212.02,123375.09,96465.53,-8628.6,44411.87,73094.2,136,-8628.6,-4.09,-42980.95,1
61,10,262615.59,149828.18,155768.35,-42980.95,36456.56,183407.09,143,-42980.95,-16.37,-86215.99,1
61,11,196902.6,208037.11,75081.48,-86215.99,52656.48,176481.94,140,-86215.99,-43.79,-20420.98,1
62,1,275355.73,82630.23,65572.9,127152.6,15487.66,202300.79,180,127152.6,46.18,89040.3,0
62,2,244377.94,83299.41,72038.22,89040.3,47808.5,170966.51,121,89040.3,36.44,119786.28,0
62,3,259608.47,72279.29,67542.91,119786.28,38719.99,43776.89,167,119786.28,46.14,129105.66,0
62,4,256595.61,68363.14,59126.81,129105.66,47557.6,82073.51,103,129105.66,50.31,96685.14,0
62,5,251013.16,72557.98,81770.03,96685.14,55658.49,225524.79,133,96685.14,38.52,103973.87,0
62,6,257775.28,75417.23,78384.17,103973.87,61817.02,164656.65,393,103973.87,40.34,92568.75,0
62,7,225570.59,67510.03,65491.81,92568.75,55089.62,26448.57,123,92568.75,41.04,83209.13,0
62,8,253921.71,94301.25,76411.33,83209.13,73021.98,85048.93,471,83209.13,32.77,92338.48,0
62,9,245959.31,96684.27,56936.56,92338.48,59926.27,63172.79,141,92338.48,37.54,-1528.45,1
62,10,250928.24,184069.67,68387.03,-1528.45,73778.3,65534.59,273,-1528.45,-0.61,79694.79,0
62,11,241756.41,92897.68,69163.94,79694.79,62415.08,125407.84,104,79694.79,32.96,-28617.95,1
63,1,227125.36,150338.04,116774.39,-39987.07,66339.17,109074.5,94,-39987.07,-17.61,-25692.76,1
63,2,209144.18,145867.69,88969.25,-25692.76,15320.72,39041.9,294,-25692.76,-12.28,-3562.38,1
63,3,246696.14,155877.48,94381.04,-3562.38,18354.81,51437.66,105,-3562.38,-1.44,-50337.12,1
63,4,207783.91,167004.44,91116.6,-50337.12,45563.08,145144.87,118,-50337.12,-24.23,-83087.99,1
63,5,237927.4,188228.64,132786.75,-83087.99,53044.58,164307.64,96,-83087.99,-34.92,-64979.61,1
63,6,213319.24,167016.68,111282.17,-64979.61,16373.81,168877.24,91,-64979.61,-30.46,-28433.49,1
63,7,250443.47,163812.9,115064.07,-28433.49,71137.0,236346.84,294,-28433.49,-11.35,-105581.01,1
63,8,184786.18,191625.24,98741.95,-105581.01,51380.18,120391.84,95,-105581.01,-57.14,-10574.95,1
63,9,235660.2,141642.0,104593.14,-10574.95,60270.31,64401.16,130,-10574.95,-4.49,-114253.15,1
63,10,193880.39,211385.11,96748.43,-114253.15,22763.01,160667.35,77,-114253.15,-58.93,-78983.58,1
63,11,200237.61,160808.24,118412.95,-78983.58,49814.63,35834.24,81,-78983.58,-39.44,-34797.48,1
64,1,122108.62,39952.02,37407.32,44749.28,10310.06,12409.98,227,44749.28,36.65,51515.05,0
64,2,119868.12,32549.37,35803.7,51515.05,29562.65,33745.61,107,51515.05,42.98,39390.37,0
64,3,126751.49,43307.34,44053.78,39390.37,30193.71,66548.62,167,39390.37,31.08,3570.42,0
64,4,131244.47,95521.63,32152.42,3570.42,34744.75,49548.89,102,3570.42,2.72,48862.16,0
64,5,125189.64,48389.87,27937.62,48862.16,7160.88,82817.18,118,48862.16,39.03,58910.74,0
64,6,136760.39,43414.8,34434.86,58910.74,28103.6,121426.37,56,58910.74,43.08,-1095.59,1
64,7,135342.96,102398.9,34039.66,-1095.59,38758.67,88042.51,98,-1095.59,-0.81,55548.47,0
64,8,125879.58,41385.82,28945.3,55548.47,29783.73,23695.75,55,55548.47,44.13,7164.14,0
64,9,124055.61,83889.33,33002.15,7164.14,24737.7,93287.83,222,7164.14,5.77,59336.21,0
64,10,128745.99,42638.84,26770.94,59336.21,8230.99,117949.54,67,59336.21,46.09,54961.81,0
64,11,112916.08,30442.28,27511.99,54961.81,31177.62,5726.01,66,54961.81,48.67,11232.81,0
65,1,104366.39,79606.75,39154.54,-14394.9,16877.98,82354.02,110,-14394.9,-13.79,27369.57,0
65,2,116061.09,44441.32,44250.2,27369.57,26416.14,51992.75,75,27369.57,23.58,18720.99,0
65,3,88749.54,41460.38,28568.16,18720.99,8315.5,59074.25,89,18720.99,21.09,5440.24,0
65,4,106413.8,52516.52,48457.04,5440.24,21668.49,95543.16,161,5440.24,5.11,6650.04,0
65,5,89239.18,48867.62,33721.52,6650.04,19738.04,22441.62,91,6650.04,7.45,19532.46,0
65,6,92344.38,37515.54,35296.37,19532.46,5070.89,81763.87,37,19532.46,21.15,18799.46,0
65,7,88454.93,31084.69,38570.78,18799.46,7664.8,17839.86,42,18799.46,21.25,19305.12,0
65,8,88649.25,41953.98,27390.15,19305.12,11278.79,35485.31,43,19305.12,21.78,7570.03,0
65,9,95488.52,51509.43,36409.06,7570.03,16325.61,86193.26,41,7570.03,7.93,15787.54,0
65,10,108716.16,39951.38,52977.24,15787.54,26942.87,26186.0,51,15787.54,14.52,14204.69,0
65,11,94966.4,51324.78,29436.93,14204.69,17511.36,56695.21,53,14204.69,14.96,-9271.36,1
66,1,283156.93,150253.87,125365.25,7537.81,61397.76,47939.32,139,7537.81,2.66,66089.21,0
66,2,271666.83,106503.83,99073.79,66089.21,50022.39,235519.84,293,66089.21,24.33,17755.81,0
66,3,257775.2,123374.36,116645.03,17755.81,30045.73,20564.15,348,17755.81,6.89,10785.18,0
66,4,279008.54,132378.56,135844.81,10785.18,65220.07,243610.31,180,10785.18,3.87,-74508.62,1
66,5,297508.02,265098.47,106918.18,-74508.62,83119.64,230967.33,452,-74508.62,-25.04,-41528.2,1
66,6,286928.07,236530.73,91925.54,-41528.2,83268.64,260451.68,151,-41528.2,-14.47,35807.59,0
66,7,268505.94,111164.51,121533.85,35807.59,39276.12,120019.42,455,35807.59,13.34,53241.77,0
66,8,263683.27,107537.25,102904.25,53241.77,43063.93,226903.95,158,53241.77,20.19,38790.25,0
66,9,225000.01,94892.72,91317.04,38790.25,56073.47,84131.61,106,38790.25,17.24,72006.17,0
66,10,265518.13,110912.83,82599.13,72006.17,52300.59,249006.42,136,72006.17,27.12,12377.05,0
66,11,288875.42,133312.6,143185.77,12377.05,22118.17,228069.16,343,12377.05,4.28,71704.22,0
67,1,188527.4,54434.28,44590.51,89502.62,45223.96,46319.07,98,89502.62,47.47,93362.21,0
67,2,192902.08,48837.5,50702.37,93362.21,25980.68,112953.86,211,93362.21,48.4,68132.38,0
67,3,186173.93,70962.0,47079.55,68132.38,24166.55,169532.97,247,68132.38,36.6,36809.84,0
67,4,193254.43,103501.66,52942.92,36809.84,55259.48,188938.12,154,36809.84,19.05,76881.59,0
67,5,190216.78,55250.63,58084.56,76881.59,56547.9,57406.46,103,76881.59,40.42,4980.71,0
67,6,196778.1,149087.31,42710.08,4980.71,49306.38,156908.27,129,4980.71,2.53,82058.2,0
67,7,181986.33,53267.62,46660.51,82058.2,33652.08,22495.23,339,82058.2,45.09,87597.76,0
67,8,185166.61,49133.93,48434.92,87597.76,38764.74,150306.14,129,87597.76,47.31,54797.45,0
67,9,181969.1,69401.19,57770.46,54797.45,32402.35,93351.25,103,54797.45,30.11,59982.86,0
67,10,186800.66,73212.41,53605.38,59982.86,11690.12,20503.63,213,59982.86,32.11,73535.91,0
67,11,183212.15,68780.01,40896.23,73535.91,20564.51,73961.23,181,73535.91,40.14,80308.91,0
68,1,240534.45,79148.14,68369.31,93017.0,23914.55,84878.95,142,93017.0,38.67,127593.56,0
68,2,254661.21,71691.63,55376.02,127593.56,14132.54,206928.16,122,127593.56,50.1,97981.84,0
68,3,231339.7,62888.38,70469.48,97981.84,56837.02,217599.76,122,97981.84,42.35,115266.42,0
68,4,235186.78,64294.83,55625.53,115266.42,24065.84,27962.81,123,115266.42,49.01,109175.33,0
68,5,248748.25,86449.53,53123.38,109175.33,28516.33,92124.38,190,109175.33,43.89,111340.09,0
68,6,237988.04,61325.62,65322.32,111340.09,35755.94,91190.9,116,111340.09,46.78,103160.21,0
68,7,234981.41,71665.26,60155.94,103160.21,58654.5,169625.3,266,103160.21,43.9,117105.55,0
68,8,244417.51,74549.37,52762.59,117105.55,19637.23,241151.47,118,117105.55,47.91,84373.53,0
68,9,255535.01,98815.71,72345.77,84373.53,36969.74,217457.13,142,84373.53,33.02,70383.07,0
68,10,218331.37,75893.87,72054.42,70383.07,61121.46,30589.7,137,70383.07,32.24,108535.22,0
68,11,250095.86,85284.55,56276.1,108535.22,57529.01,32969.88,175,108535.22,43.4,38211.73,0
69,1,167228.54,66425.39,35888.33,64914.82,35043.76,63966.01,70,64914.82,38.82,81106.06,0
69,2,177186.39,46040.81,50039.52,81106.06,37772.95,51894.87,144,81106.06,45.77,56042.53,0
69,3,164072.62,61368.11,46661.98,56042.53,37474.49,40548.24,100,56042.53,34.16,60613.16,0
69,4,170729.7,64904.34,45212.2,60613.16,27838.12,31695.35,133,60613.16,35.5,47799.27,0
69,5,166201.85,63192.39,55210.19,47799.27,11769.49,122711.81,147,47799.27,28.76,62142.08,0
69,6,169711.42,62358.52,45210.82,62142.08,41490.6,70132.42,122,62142.08,36.62,54306.34,0
69,7,155254.98,51062.12,49886.52,54306.34,28111.04,106689.82,149,54306.34,34.98,57483.27,0
69,8,156052.05,45509.21,53059.57,57483.27,30320.39,103826.75,279,57483.27,36.84,26365.03,0
69,9,168766.23,99549.16,42852.04,26365.03,48551.71,73964.26,117,26365.03,15.62,100113.32,0
69,10,186618.91,48130.22,38375.37,100113.32,34435.6,99518.39,189,100113.32,53.65,73047.38,0
69,11,161465.29,44966.5,43451.41,73047.38,18062.44,107047.57,89,73047.38,45.24,13983.38,0
70,1,197414.14,62604.97,67763.08,67046.09,25229.27,49078.19,89,67046.09,33.96,71464.4,0
70,2,214699.61,82853.19,60382.02,71464.4,24524.83,174070.4,121,71464.4,33.29,61897.71,0
70,3,193253.97,74864.7,56491.56,61897.71,38959.33,134039.06,124,61897.71,32.03,71107.38,0
70,4,200264.89,71637.81,57519.7,71107.38,12701.65,30226.67,236,71107.38,35.51,64420.7,0
70,5,210346.75,80732.94,65193.11,64420.7,62674.49,63693.53,97,64420.7,30.63,82962.01,0
70,6,213450.39,67027.38,63460.99,82962.01,44491.28,39164.29,154,82962.01,38.87,73082.28,0
70,7,211439.82,66930.61,71426.93,73082.28,39580.47,170520.16,126,73082.28,34.56,62054.34,0
70,8,202186.12,79667.94,60463.83,62054.34,11301.8,89577.8,184,62054.34,30.69,94507.8,0
70,9,192562.95,54068.4,43986.74,94507.8,24600.25,171694.13,93,94507.8,49.08,66171.11,0
70,10,206712.49,74475.96,66065.42,66171.11,56196.94,37298.83,176,66171.11,32.01,73253.94,0
70,11,191566.87,68872.03,49440.9,73253.94,33183.99,42495.43,97,73253.94,38.24,10750.95,0
71,1,159079.86,144646.44,63129.67,-48696.25,41404.36,158603.71,116,-48696.25,-30.61,18365.58,0
71,2,175563.02,72693.58,84503.86,18365.58,35789.79,76445.18,301,18365.58,10.46,3043.41,0
71,3,132186.12,64403.49,64739.22,3043.41,33425.44,13561.22,83,3043.41,2.3,20507.91,0
71,4,137559.97,50086.96,66965.1,20507.91,29504.89,114546.4,76,20507.91,14.91,32690.24,0
71,5,147952.05,55247.2,60014.61,32690.24,29312.76,75214.15,84,32690.24,22.1,48598.29,0
71,6,157264.55,55358.6,53307.67,48598.29,45233.36,65174.93,116,48598.29,30.9,32577.33,0
71,7,156583.0,64165.4,59840.27,32577.33,45644.79,27261.52,125,32577.33,20.81,49946.24,0
71,8,166223.55,59037.25,57240.06,49946.24,16671.19,20954.18,114,49946.24,30.05,-607.9,1
71,9,154649.5,82432.48,72824.93,-607.9,9755.79,122746.26,70,-607.9,-0.39,13768.12,0
71,10,155593.54,79324.15,62501.27,13768.12,40661.65,115264.42,63,13768.12,8.85,21207.25,0
71,11,142204.18,55795.18,65201.75,21207.25,9480.04,142009.76,258,21207.25,14.91,15474.97,0
72,1,327066.49,116823.03,95997.86,114245.6,62057.04,120875.28,212,114245.6,34.93,101233.8,0
72,2,338964.4,134531.41,103199.19,101233.8,37343.84,256400.26,169,101233.8,29.87,60972.46,0
72,3,336047.1,194824.66,80249.98,60972.46,63342.35,17313.53,315,60972.46,18.14,100643.45,0
72,4,306148.0,117013.3,88491.25,100643.45,46179.69,212052.96,347,100643.45,32.87,135183.26,0
72,5,337597.42,117619.01,84795.15,135183.26,63279.64,161957.43,402,135183.26,40.04,104844.87,0
72,6,340116.88,117518.28,117753.73,104844.87,22108.29,138569.71,144,104844.87,30.83,105452.53,0
72,7,373890.94,144654.63,123783.78,105452.53,59602.54,139352.14,192,105452.53,28.2,159445.05,0
72,8,339628.61,99527.49,80656.07,159445.05,32028.26,241259.88,196,159445.05,46.95,122405.89,0
72,9,299081.96,115553.12,61122.95,122405.89,82390.32,141775.87,186,122405.89,40.93,125274.97,0
72,10,332745.53,130326.29,77144.26,125274.97,56127.61,98317.32,155,125274.97,37.65,173524.65,0
72,11,341796.66,95465.12,72806.89,173524.65,21968.53,235560.99,218,173524.65,50.77,124176.39,0
73,1,114221.36,31496.74,36685.01,46039.61,21584.15,81617.04,86,46039.61,40.31,46467.86,0
73,2,108221.94,29302.13,32451.95,46467.86,22709.69,40161.04,46,46467.86,42.94,38084.96,0
73,3,103190.01,32759.79,32345.26,38084.96,17918.87,92872.06,99,38084.96,36.91,38266.64,0
73,4,108213.81,33718.32,36228.85,38266.64,23961.59,93716.57,159,38266.64,35.36,51293.22,0
73,5,105250.36,29128.01,24829.14,51293.22,11872.03,37315.38,136,51293.22,48.73,46837.8,0
73,6,111590.06,32855.07,31897.19,46837.8,15252.09,84711.31,48,46837.8,41.97,42946.93,0
73,7,103352.92,37379.27,23026.72,42946.93,14098.04,84472.12,104,42946.93,41.55,59070.74,0
73,8,113432.77,29434.44,24927.58,59070.74,23644.59,32956.88,70,59070.74,52.08,45610.17,0
73,9,118356.87,33729.12,39017.58,45610.17,26456.66,7730.88,95,45610.17,38.54,-2330.0,1
73,10,109294.26,80855.45,30768.81,-2330.0,11415.26,75761.25,51,-2330.0,-2.13,46007.73,0
73,11,115774.33,40437.55,29329.05,46007.73,14318.43,68613.92,58,46007.73,39.74,49030.43,0
74,1,445813.78,140788.07,103759.14,201266.58,23692.53,87497.68,233,201266.58,45.15,177343.63,0
74,2,400176.12,114668.78,108163.71,177343.63,108731.94,357922.46,200,177343.63,44.32,192390.0,0
74,3,448023.68,164867.12,90766.55,192390.0,118475.85,224189.69,881,192390.0,42.94,211758.48,0
74,4,435849.24,109682.34,114408.42,211758.48,94192.54,315275.6,509,211758.48,48.59,183449.57,0
74,5,443184.09,120292.08,139442.44,183449.57,92990.6,381489.45,224,183449.57,41.39,164790.79,0
74,6,467377.67,178692.91,123893.97,164790.79,140184.27,345244.7,641,164790.79,35.26,190477.43,0
74,7,502003.26,138618.96,172906.86,190477.43,47383.83,461546.21,350,190477.43,37.94,206466.47,0
74,8,458006.62,118842.75,132697.4,206466.47,30285.77,446050.99,288,206466.47,45.08,195223.14,0
74,9,466209.77,159261.81,111724.82,195223.14,82908.31,380591.07,777,195223.14,41.87,171072.0,0
74,10,505423.41,172102.04,162249.36,171072.0,27169.36,175421.16,301,171072.0,33.85,166607.32,0
74,11,441555.26,146970.88,127977.05,166607.32,66236.56,348573.55,185,166607.32,37.73,142142.58,0
75,1,63353.64,20844.78,13213.34,29295.52,6642.46,31115.05,46,29295.52,46.24,20557.73,0
75,2,64419.04,23832.07,20029.24,20557.73,8595.18,22588.24,31,20557.73,31.91,32174.0,0
75,3,64993.65,17524.38,15295.27,32174.0,17215.24,47074.63,44,32174.0,49.5,22770.81,0
75,4,69921.01,22937.49,24212.72,22770.81,7259.01,57373.64,78,22770.81,32.57,-265.68,1
75,5,67440.02,44794.19,22911.51,-265.68,18858.28,61296.77,82,-265.68,-0.39,24909.51,0
75,6,61942.98,18892.34,18141.13,24909.51,18087.69,56926.34,74,24909.51,40.21,27469.32,0
75,7,61126.06,20773.79,12882.95,27469.32,17290.89,55807.45,29,27469.32,44.94,29104.58,0
75,8,58438.37,14779.66,14554.14,29104.58,6942.34,53418.94,33,29104.58,49.8,27542.7,0
75,9,59343.1,18332.62,13467.78,27542.7,17179.52,31328.35,89,27542.7,46.41,26929.95,0
75,10,66335.43,22753.07,16652.41,26929.95,10525.41,15469.27,75,26929.95,40.6,25422.97,0
75,11,62923.17,22972.3,14527.9,25422.97,10468.64,59527.58,26,25422.97,40.4,31695.03,0
76,1,344475.42,223268.27,130504.77,-9297.61,58697.68,239940.4,155,-9297.61,-2.7,-127639.73,1
76,2,408158.71,315102.14,220696.3,-127639.73,48375.3,331059.92,325,-127639.73,-31.27,-221284.74,1
76,3,303054.71,367332.35,157007.1,-221284.74,80765.84,64720.44,137,-221284.74,-73.02,-123383.3,1
76,4,404209.6,330598.46,196994.44,-123383.3,48686.2,297451.37,181,-123383.3,-30.52,-120733.25,1
76,5,354316.17,346303.44,128745.98,-120733.25,51617.59,272585.94,318,-120733.25,-34.08,-179800.7,1
76,6,427604.26,400264.53,207140.43,-179800.7,115692.08,81101.22,222,-179800.7,-42.05,-44446.82,1
76,7,360057.8,236344.85,168159.77,-44446.82,55236.88,118160.97,288,-44446.82,-12.34,-68995.99,1
76,8,340987.68,263440.47,146543.2,-68995.99,91271.44,153696.22,181,-68995.99,-20.23,-34399.46,1
76,9,313955.91,193177.63,155177.74,-34399.46,38657.0,65647.23,249,-34399.46,-10.96,-24654.54,1
76,10,340751.54,234858.29,130547.79,-24654.54,78468.5,131208.62,295,-24654.54,-7.24,-45130.53,1
76,11,386965.79,218797.6,213298.72,-45130.53,96954.57,147559.03,204,-45130.53,-11.66,-60350.88,1
77,1,484502.11,146608.59,124285.25,213608.26,24254.3,135264.32,528,213608.26,44.09,190799.0,0
77,2,487301.89,140134.59,156368.29,190799.0,47697.27,257807.2,218,190799.0,39.15,180203.98,0
77,3,468803.22,142263.36,146335.88,180203.98,119169.0,450807.05,224,180203.98,38.44,-51681.27,1
77,4,470392.9,393185.93,128888.24,-51681.27,68616.34,91546.36,256,-51681.27,-10.99,192733.95,0
77,5,487779.27,164876.8,130168.52,192733.95,56700.32,232280.96,309,192733.95,39.51,144976.27,0
77,6,435546.62,152242.58,138327.77,144976.27,92123.22,84095.52,184,144976.27,33.29,261303.74,0
77,7,506235.06,128103.37,116827.95,261303.74,136462.3,278881.05,214,261303.74,51.62,184138.73,0
77,8,455943.44,147073.46,124731.24,184138.73,114288.63,129769.32,198,184138.73,40.39,214745.5,0
77,9,519247.73,190448.32,114053.9,214745.5,30414.66,271404.44,641,214745.5,41.36,223709.13,0
77,10,478210.81,132674.06,121827.62,223709.13,98412.49,57723.39,317,223709.13,46.78,177926.45,0
77,11,479737.51,165802.41,136008.65,177926.45,64237.96,372684.69,351,177926.45,37.09,-7116.9,1
78,1,241274.46,237777.54,120183.81,-116686.9,65732.15,14164.57,267,-116686.9,-48.36,-133809.23,1
78,2,272626.83,269209.23,137226.84,-133809.23,30312.36,241932.2,204,-133809.23,-49.08,-21177.63,1
78,3,273622.88,185948.04,108852.47,-21177.63,68704.95,30793.07,145,-21177.63,-7.74,-63878.06,1
78,4,268155.91,177343.99,154689.97,-63878.06,72366.07,117860.58,183,-63878.06,-23.82,-54009.8,1
78,5,257425.67,160511.79,150923.68,-54009.8,56074.03,52533.94,174,-54009.8,-20.98,-87384.41,1
78,6,253077.29,197039.31,143422.39,-87384.41,20643.73,240040.69,330,-87384.41,-34.53,-90969.11,1
78,7,241643.34,204543.92,128068.53,-90969.11,38846.58,153908.09,118,-90969.11,-37.65,-71514.72,1
78,8,285928.19,188576.2,168866.71,-71514.72,73109.0,155089.66,200,-71514.72,-25.01,-64985.09,1
78,9,283050.43,219889.18,128146.33,-64985.09,64473.35,28126.1,127,-64985.09,-22.96,-14215.73,1
78,10,213989.15,139270.13,88934.75,-14215.73,58142.54,87613.62,107,-14215.73,-6.64,-83928.94,1
78,11,260559.66,203106.47,141382.14,-83928.94,28246.28,114407.29,126,-83928.94,-32.21,-56355.68,1
79,1,403061.13,149723.33,134216.26,119121.54,42780.85,198398.93,391,119121.54,29.55,138837.0,0
79,2,403053.95,145158.47,119058.48,138837.0,28489.7,370539.25,370,138837.0,34.45,124645.28,0
79,3,334256.35,121684.94,87926.13,124645.28,92132.24,293661.95,520,124645.28,37.29,115723.99,0
79,4,379901.25,143655.37,120521.89,115723.99,29196.77,55505.71,726,115723.99,30.46,159777.96,0
79,5,396389.07,125180.74,111430.37,159777.96,45107.31,343093.27,248,159777.96,40.31,160660.77,0
79,6,388912.66,130449.66,97802.23,160660.77,26557.14,301956.22,363,160660.77,41.31,162307.09,0
79,7,382624.55,103853.34,116464.11,162307.09,91225.39,371033.56,185,162307.09,42.42,184481.7,0
79,8,403989.49,102357.76,117150.03,184481.7,103568.6,41692.6,276,184481.7,45.66,158624.23,0
79,9,364151.74,108651.03,96876.47,158624.23,102818.93,235606.79,282,158624.23,43.56,142407.42,0
79,10,390612.07,112537.16,135667.49,142407.42,109857.39,311077.87,339,142407.42,36.46,66614.21,0
79,11,381338.16,195849.48,118874.47,66614.21,61772.37,180509.03,166,66614.21,17.47,210881.04,0
80,1,352123.58,118153.97,73254.55,160715.06,72409.76,87126.87,233,160715.06,45.64,155807.64,0
80,2,365967.56,121403.24,88756.68,155807.64,95377.01,269445.38,557,155807.64,42.57,129743.93,0
80,3,342193.96,93797.76,118652.27,129743.93,58811.84,135479.72,192,129743.93,37.92,152067.92,0
80,4,326258.05,87879.39,86310.74,152067.92,88721.92,28892.25,140,152067.92,46.61,142536.48,0
80,5,333868.23,122994.92,68336.83,142536.48,60646.74,112886.52,272,142536.48,42.69,-1724.66,1
80,6,356676.64,234134.29,124267.01,-1724.66,57312.22,339367.27,359,-1724.66,-0.48,137515.54,0
80,7,316587.27,112524.6,66547.13,137515.54,32811.49,237834.04,360,137515.54,43.44,168186.56,0
80,8,389600.61,130915.06,90498.99,168186.56,111249.04,211384.95,323,168186.56,43.17,117093.07,0
80,9,356609.16,117696.19,121819.9,117093.07,79689.96,183602.58,233,117093.07,32.84,141883.96,0
80,10,321301.58,93230.84,86186.78,141883.96,72826.42,303182.74,277,141883.96,44.16,151710.49,0
80,11,342411.59,113567.38,77133.72,151710.49,101433.36,324772.59,382,151710.49,44.31,104117.11,0
81,1,221996.48,59018.89,67511.54,95466.05,27641.76,100211.96,202,95466.05,43.0,113727.23,0
81,2,234004.3,67733.45,52543.62,113727.23,26383.24,163630.49,125,113727.23,48.6,80151.85,0
81,3,237956.46,89519.45,68285.17,80151.85,28726.46,214190.74,433,80151.85,33.68,29801.21,0
81,4,221588.96,123478.5,68309.24,29801.21,43724.25,128963.44,112,29801.21,13.45,97038.26,0
81,5,218654.57,55266.51,66349.81,97038.26,45151.29,42204.13,152,97038.26,44.38,86537.76,0
81,6,223857.83,72902.37,64417.7,86537.76,38933.96,81953.78,348,86537.76,38.66,92230.19,0
81,7,220009.09,66743.93,61034.97,92230.19,48837.07,191574.47,200,92230.19,41.92,106951.46,0
81,8,212363.15,59238.19,46173.5,106951.46,34182.82,48549.39,117,106951.46,50.36,-23583.49,1
81,9,223395.59,177696.48,69282.61,-23583.49,50431.09,57037.29,257,-23583.49,-10.56,75815.21,0
81,10,209078.42,65807.23,67455.97,75815.21,37657.95,181432.04,409,75815.21,36.26,64181.28,0
81,11,218591.74,79357.88,75052.58,64181.28,56963.44,168878.79,261,64181.28,29.36,94022.32,0
82,1,67360.61,17245.57,22580.42,27534.61,17993.3,56765.3,31,27534.61,40.88,27994.41,0
82,2,69713.87,24729.33,16990.12,27994.41,8861.84,4813.3,41,27994.41,40.16,15056.52,0
82,3,68807.9,34373.19,19378.2,15056.52,4372.94,50863.09,103,15056.52,21.88,27418.88,0
82,4,67686.18,24195.64,16071.66,27418.88,17144.06,64974.59,29,27418.88,40.51,30250.0,0
82,5,63372.71,18426.0,14696.7,30250.0,11147.58,55370.38,26,30250.0,47.73,28078.18,0
82,6,67933.53,21108.92,18746.43,28078.18,8088.15,54535.08,71,28078.18,41.33,20865.64,0
82,7,62618.52,23955.34,17797.54,20865.64,6643.34,32508.83,25,20865.64,33.32,24901.4,0
82,8,68920.28,25186.66,18832.22,24901.4,12909.95,52444.39,33,24901.4,36.13,21540.4,0
82,9,70058.1,24427.04,24090.66,21540.4,17328.51,51648.58,66,21540.4,30.75,22696.67,0
82,10,63225.56,23829.39,16699.51,22696.67,9233.47,53371.15,79,22696.67,35.9,33242.02,0
82,11,64529.62,16486.96,14800.64,33242.02,16628.76,21152.44,28,33242.02,51.51,20952.45,0
83,1,233311.29,156775.86,120270.21,-43734.78,37889.69,53475.1,153,-43734.78,-18.75,-67872.43,1
83,2,229978.5,170753.09,127097.84,-67872.43,18018.07,168938.86,153,-67872.43,-29.51,-86487.15,1
83,3,224567.88,224141.6,86913.43,-86487.15,43835.47,163635.47,96,-86487.15,-38.51,-106774.33,1
83,4,218121.39,211920.88,112974.84,-106774.33,40055.51,150803.32,163,-106774.33,-48.95,-9833.83,1
83,5,231124.08,148969.59,91988.32,-9833.83,63256.46,37368.0,93,-9833.83,-4.25,-14766.5,1
83,6,268921.4,188773.44,94914.46,-14766.5,58357.25,58584.04,161,-14766.5,-5.49,-34872.93,1
83,7,220353.94,167751.67,87475.2,-34872.93,22652.84,76578.05,256,-34872.93,-15.83,-51299.82,1
83,8,242474.78,184831.47,108943.12,-51299.82,31554.22,183601.49,99,-51299.82,-21.16,-34056.68,1
83,9,253458.11,188841.29,98673.5,-34056.68,53898.28,226896.47,183,-34056.68,-13.44,-74868.05,1
83,10,222654.32,177808.43,119713.94,-74868.05,29255.73,219184.8,121,-74868.05,-33.63,-5274.94,1
83,11,224517.57,148049.41,81743.1,-5274.94,29899.58,104711.33,218,-5274.94,-2.35,-30970.87,1
84,1,456668.07,165769.11,140402.05,150496.91,77290.15,301475.93,791,150496.91,32.96,156336.28,0
84,2,459679.16,157770.93,145571.96,156336.28,64069.31,144134.88,257,156336.28,34.01,176326.28,0
84,3,460160.81,138669.51,145165.02,176326.28,124569.73,253742.56,299,176326.28,38.32,158753.31,0
84,4,452390.29,152311.47,141325.51,158753.31,30939.35,45584.15,190,158753.31,35.09,229014.68,0
84,5,494004.94,159249.18,105741.07,229014.68,116983.41,170984.08,444,229014.68,46.36,188950.91,0
84,6,456987.96,171679.5,96357.55,188950.91,52172.22,280286.94,192,188950.91,41.35,168257.47,0
84,7,425997.47,150560.34,107179.66,168257.47,127446.01,325142.88,238,168257.47,39.5,59251.86,0
84,8,481416.96,322331.68,99833.42,59251.86,115784.72,269839.13,220,59251.86,12.31,-17187.16,1
84,9,441931.61,341082.84,118035.93,-17187.16,46762.48,409313.69,326,-17187.16,-3.89,139367.74,0
84,10,436803.71,173773.02,123662.95,139367.74,22424.3,332332.0,189,139367.74,31.91,178845.71,0
84,11,459139.65,152139.59,128154.36,178845.71,23047.61,376326.05,680,178845.71,38.95,140228.61,0
85,1,235901.51,110846.84,78851.18,46203.48,29643.4,160236.87,288,46203.48,19.59,38401.02,0
85,2,205640.23,100275.02,66964.19,38401.02,22990.89,156483.27,200,38401.02,18.67,64018.36,0
85,3,251892.97,92581.63,95292.98,64018.36,54120.67,162084.47,236,64018.36,25.41,55408.29,0
85,4,218309.81,92913.75,69987.78,55408.29,38416.46,157909.46,218,55408.29,25.38,60728.42,0
85,5,219519.95,77962.18,80829.35,60728.42,60219.73,119047.29,155,60728.42,27.66,-68811.53,1
85,6,218150.95,183157.34,103805.14,-68811.53,37588.29,81771.21,92,-68811.53,-31.54,47908.17,0
85,7,243994.46,112185.36,83900.93,47908.17,51986.92,180744.91,486,47908.17,19.63,30532.74,0
85,8,235366.47,126479.04,78354.69,30532.74,27271.53,20224.84,315,30532.74,12.97,75694.7,0
85,9,257091.02,103193.88,78202.43,75694.7,16486.97,38107.36,188,75694.7,29.44,50532.12,0
85,10,251619.98,99637.4,101450.45,50532.12,71745.49,229136.92,154,50532.12,20.08,26613.55,0
85,11,217940.8,94231.16,97096.08,26613.55,57576.14,206365.97,185,26613.55,12.21,46476.36,0
86,1,395468.0,170933.05,137351.41,87183.54,32798.51,275335.05,180,87183.54,22.05,-150580.47,1
86,2,439245.72,381937.56,207888.62,-150580.47,34959.81,291426.89,439,-150580.47,-34.28,83586.61,0
86,3,400408.29,150973.24,165848.44,83586.61,86232.71,355485.73,303,83586.61,20.88,127163.44,0
86,4,439828.0,179439.33,133225.23,127163.44,66224.33,178533.55,507,127163.44,28.91,69621.84,0
86,5,408319.38,167227.54,171470.0,69621.84,96889.88,147948.64,237,69621.84,17.05,68640.85,0
86,6,397554.8,208419.27,120494.68,68640.85,42167.98,166655.24,298,68640.85,17.27,52021.23,0
86,7,386360.55,174834.63,159504.68,52021.23,90009.76,160185.74,161,52021.23,13.46,56669.7,0
86,8,406535.95,181461.66,168404.58,56669.7,48300.14,49370.51,212,56669.7,13.94,31679.88,0
86,9,430186.95,235112.66,163394.41,31679.88,65384.39,154147.34,208,31679.88,7.36,-75696.27,1
86,10,397572.99,315938.11,157331.15,-75696.27,48931.6,326221.71,588,-75696.27,-19.04,48910.98,0
86,11,417795.89,207430.77,161454.15,48910.98,84502.24,326102.72,299,48910.98,11.71,54873.41,0
87,1,429315.37,318207.65,233174.34,-122066.62,104028.54,264839.0,365,-122066.62,-28.43,-8632.75,1
87,2,382606.2,245667.88,145571.06,-8632.75,53501.64,191911.87,311,-8632.75,-2.26,-3235.32,1
87,3,433540.94,243697.85,193078.41,-3235.32,100675.85,405498.25,409,-3235.32,-0.75,-273213.59,1
87,4,412738.78,534966.06,150986.31,-273213.59,75305.12,283089.66,190,-273213.59,-66.2,-143485.54,1
87,5,386155.36,349261.82,180379.08,-143485.54,22474.23,173506.8,168,-143485.54,-37.16,-120829.9,1
87,6,432817.36,333229.88,220417.39,-120829.9,77501.12,84858.97,184,-120829.9,-27.92,-47507.37,1
87,7,435722.96,308904.13,174326.2,-47507.37,45720.71,203368.51,211,-47507.37,-10.9,-122247.89,1
87,8,439531.83,358137.84,203641.88,-122247.89,93925.29,117357.0,419,-122247.89,-27.81,-14454.36,1
87,9,370919.12,236123.11,149250.36,-14454.36,28234.39,272349.04,197,-14454.36,-3.9,-73417.27,1
87,10,386706.94,235585.5,224538.72,-73417.27,92475.03,113884.11,204,-73417.27,-18.99,-93132.51,1
87,11,489105.57,328261.0,253977.08,-93132.51,99988.7,236487.25,213,-93132.51,-19.04,-112357.94,1
88,1,386160.5,196470.4,183381.02,6309.07,94339.42,118010.5,181,6309.07,1.63,114907.06,0
88,2,493686.72,225464.6,153315.07,114907.06,140967.05,441092.49,700,114907.06,23.28,94736.85,0
88,3,470389.99,190168.15,185484.99,94736.85,75149.68,73925.11,246,94736.85,20.14,17277.35,0
88,4,464753.32,247401.09,200074.89,17277.35,64875.21,104122.56,260,17277.35,3.72,113031.69,0
88,5,473368.4,177288.59,183048.12,113031.69,134679.68,92533.14,910,113031.69,23.88,59155.02,0
88,6,427644.45,170038.72,198450.71,59155.02,47134.76,74155.2,221,59155.02,13.83,79392.46,0
88,7,435102.73,176869.15,178841.12,79392.46,79719.13,406592.49,181,79392.46,18.25,51765.55,0
88,8,423714.38,178931.65,193017.19,51765.55,115776.2,201495.87,271,51765.55,12.22,123610.75,0
88,9,482632.56,191093.76,167928.05,123610.75,51924.37,281353.79,627,123610.75,25.61,44694.49,0
88,10,432776.59,179185.63,208896.47,44694.49,102593.34,68287.42,434,44694.49,10.33,38001.55,0
88,11,464059.22,198260.57,227797.1,38001.55,134844.1,211851.83,518,38001.55,8.19,41024.15,0
89,1,403039.0,111140.62,112639.36,179259.02,83520.28,65309.14,222,179259.02,44.48,222307.5,0
89,2,438071.02,128133.36,87630.17,222307.5,124151.01,382868.34,452,222307.5,50.75,150539.06,0
89,3,432181.82,170986.56,110656.2,150539.06,28473.84,184297.44,178,150539.06,34.83,191205.06,0
89,4,448868.78,148506.95,109156.77,191205.06,101391.42,297426.4,359,191205.06,42.6,200256.89,0
89,5,431567.89,128667.79,102643.21,200256.89,110459.99,63867.48,180,200256.89,46.4,168210.23,0
89,6,416824.65,153917.06,94697.37,168210.23,60956.3,180143.25,201,168210.23,40.36,13654.28,0
89,7,408648.36,291001.91,103992.17,13654.28,64996.99,96054.48,191,13654.28,3.34,131228.59,0
89,8,367940.46,136279.3,100432.57,131228.59,77092.06,119118.71,378,131228.59,35.67,136772.3,0
89,9,412515.02,161053.63,114689.09,136772.3,110697.52,175418.2,352,136772.3,33.16,189207.3,0
89,10,409328.65,115059.16,105062.19,189207.3,89776.41,133074.2,247,189207.3,46.22,171287.54,0
89,11,434959.53,133353.29,130318.71,171287.54,35561.59,45935.98,391,171287.54,39.38,209435.55,0
90,1,412736.25,152978.92,92645.75,167111.58,55911.89,86611.64,248,167111.58,40.49,118638.9,0
90,2,409857.74,162433.83,128785.02,118638.9,20954.44,142471.56,263,118638.9,28.95,174816.67,0
90,3,392319.82,124135.78,93367.38,174816.67,29596.07,37935.36,768,174816.67,44.56,160758.68,0
90,4,400164.45,119733.39,119672.39,160758.68,65353.03,280160.02,328,160758.68,40.17,149522.53,0
90,5,401123.23,123791.82,127808.87,149522.53,91872.14,97884.77,403,149522.53,37.28,157359.97,0
90,6,408642.29,163217.17,88065.15,157359.97,33715.67,147631.1,444,157359.97,38.51,138512.7,0
90,7,338196.18,130281.91,69401.57,138512.7,67356.66,211224.37,231,138512.7,40.96,167310.24,0
90,8,400032.28,148951.95,83770.09,167310.24,69481.03,70834.78,176,167310.24,41.82,202525.07,0
90,9,386656.06,98615.65,85515.35,202525.07,36664.3,102260.83,702,202525.07,52.38,132959.18,0
90,10,415489.99,148928.07,133602.74,132959.18,34025.32,377321.45,225,132959.18,32.0,4249.66,0
90,11,404187.53,271535.38,128402.49,4249.66,104723.4,338985.18,167,4249.66,1.05,29864.98,0
91,1,164603.43,51482.59,45476.77,67644.07,19368.66,12791.68,96,67644.07,41.1,71535.07,0
91,2,160451.02,49637.4,39278.54,71535.07,37976.48,138770.44,107,71535.07,44.58,914.16,0
91,3,172094.67,125371.58,45808.92,914.16,14023.16,156252.08,77,914.16,0.53,59984.77,0
91,4,162711.45,52016.8,50709.88,59984.77,40802.97,74882.23,78,59984.77,36.87,71152.73,0
91,5,174543.13,56369.72,47020.68,71152.73,44577.34,100670.31,203,71152.73,40.77,56334.8,0
91,6,168351.84,53900.15,58116.89,56334.8,42557.77,13667.51,117,56334.8,33.46,73568.08,0
91,7,177382.27,45656.61,58157.59,73568.08,17619.11,62330.79,166,73568.08,41.47,79863.5,0
91,8,172633.68,56905.04,35865.14,79863.5,43706.23,30379.0,178,79863.5,46.26,65355.29,0
91,9,177423.02,64678.07,47389.66,65355.29,36298.37,27934.32,218,65355.29,36.84,61805.45,0
91,10,145454.88,45899.02,37750.4,61805.45,28390.51,60905.8,172,61805.45,42.49,70442.53,0
91,11,172128.0,53964.85,47720.62,70442.53,37132.58,148014.9,169,70442.53,40.92,51779.04,0
92,1,165139.32,94097.37,81647.42,-10605.47,41582.53,65831.73,145,-10605.47,-6.42,-61906.45,1
92,2,189013.63,144775.35,106144.73,-61906.45,49652.86,85572.9,298,-61906.45,-32.75,-53845.42,1
92,3,178791.32,125490.14,107146.59,-53845.42,51636.84,159721.11,157,-53845.42,-30.12,-23843.26,1
92,4,176995.68,105885.52,94953.41,-23843.26,36744.2,161504.85,132,-23843.26,-13.47,-94189.54,1
92,5,165407.31,201638.98,57957.87,-94189.54,10183.23,50107.4,110,-94189.54,-56.94,-10337.13,1
92,6,194981.55,127724.01,77594.67,-10337.13,42372.27,23051.47,97,-10337.13,-5.3,-18193.7,1
92,7,179890.8,108692.71,89391.79,-18193.7,22923.85,50344.71,170,-18193.7,-10.11,-57047.62,1
92,8,166428.5,138754.9,84721.21,-57047.62,46261.82,125153.99,185,-57047.62,-34.28,-54894.25,1
92,9,171032.08,136750.07,89176.26,-54894.25,35862.27,163447.51,243,-54894.25,-32.1,-80940.52,1
92,10,187612.48,174214.08,94338.92,-80940.52,11995.45,18720.99,81,-80940.52,-43.14,-39182.79,1
92,11,196426.07,128460.76,107148.09,-39182.79,33883.71,30424.24,146,-39182.79,-19.95,8328.67,0
93,1,253612.21,70472.44,87927.1,95212.66,47908.43,53673.37,223,95212.66,37.54,107559.93,0
93,2,244494.7,76691.61,60243.16,107559.93,71650.99,47846.78,124,107559.93,43.99,102825.49,0
93,3,242273.44,67310.56,72137.4,102825.49,53786.55,85607.57,241,102825.49,42.44,67204.29,0
93,4,250652.61,98603.68,84844.64,67204.29,65557.81,120239.89,185,67204.29,26.81,112838.18,0
93,5,242135.87,80053.16,49244.54,112838.18,59405.39,168537.16,136,112838.18,46.6,95017.89,0
93,6,231264.81,89368.43,46878.49,95017.89,57084.76,130495.47,201,95017.89,41.09,92983.58,0
93,7,257576.99,87029.55,77563.85,92983.58,55324.68,110282.13,168,92983.58,36.1,91184.61,0
93,8,244138.37,90442.73,62511.03,91184.61,18047.33,224327.81,357,91184.61,37.35,2120.24,0
93,9,232671.25,160299.94,70251.08,2120.24,56540.96,194699.79,276,2120.24,0.91,84416.84,0
93,10,266328.39,102433.32,79478.23,84416.84,45627.43,150457.34,113,84416.84,31.7,109624.47,0
93,11,243684.36,70951.6,63108.3,109624.47,29660.46,74360.44,109,109624.47,44.99,112117.29,0
94,1,288598.68,211254.48,164037.71,-86693.51,62824.12,246748.2,555,-86693.51,-30.04,-71565.57,1
94,2,247991.91,176513.07,143044.41,-71565.57,45236.48,94331.56,160,-71565.57,-28.86,-70818.51,1
94,3,265189.11,186094.08,149913.54,-70818.51,40310.08,186452.23,265,-70818.51,-26.7,-102520.63,1
94,4,350912.04,253633.07,199799.6,-102520.63,104673.88,52913.13,363,-102520.63,-29.22,-46581.12,1
94,5,295044.66,236855.3,104770.48,-46581.12,78359.06,94204.25,157,-46581.12,-15.79,-20045.73,1
94,6,253268.42,170645.87,102668.28,-20045.73,30974.29,207307.51,120,-20045.73,-7.91,-98999.43,1
94,7,364498.1,260548.8,202948.73,-98999.43,42376.09,203893.92,260,-98999.43,-27.16,-24151.53,1
94,8,266558.17,191340.99,99368.71,-24151.53,26452.81,117850.81,278,-24151.53,-9.06,-30268.69,1
94,9,238241.22,153131.51,115378.4,-30268.69,64350.26,110076.38,179,-30268.69,-12.71,-22056.12,1
94,10,331558.42,196292.03,157322.5,-22056.12,75183.45,72481.24,330,-22056.12,-6.65,9603.92,0
94,11,294489.09,177391.26,107493.9,9603.92,66991.34,164041.95,373,9603.92,3.26,-20983.8,1
95,1,168611.29,91323.05,53720.47,23567.77,8680.28,68690.78,269,23567.77,13.98,64351.13,0
95,2,183534.47,71032.73,48150.62,64351.13,25229.12,118587.28,88,64351.13,35.06,49643.82,0
95,3,174450.85,67319.89,57487.13,49643.82,18083.49,114407.95,115,49643.82,28.46,54086.41,0
95,4,170363.04,60918.91,55357.72,54086.41,44573.84,18854.6,302,54086.41,31.75,54385.48,0
95,5,167834.67,62694.45,50754.73,54385.48,38881.86,158683.07,77,54385.48,32.4,57841.32,0
95,6,162186.73,55712.53,48632.88,57841.32,34761.43,73542.77,201,57841.32,35.66,59472.93,0
95,7,164683.67,65315.81,39894.93,59472.93,26678.57,27130.08,121,59472.93,36.11,84716.16,0
95,8,175461.56,51433.58,39311.82,84716.16,19004.75,131134.68,312,84716.16,48.28,59239.73,0
95,9,175184.23,56428.33,59516.17,59239.73,41515.32,41533.87,85,59239.73,33.82,62776.47,0
95,10,169210.71,63422.58,43011.66,62776.47,24749.21,127352.64,126,62776.47,37.1,62595.62,0
95,11,160043.16,59360.29,38087.25,62595.62,31623.77,18662.98,289,62595.62,39.11,71800.04,0
96,1,475235.67,339045.42,183331.83,-47141.58,102039.68,279496.31,329,-47141.58,-9.92,-69358.82,1
96,2,407560.83,259665.48,217254.16,-69358.82,111652.52,42752.64,521,-69358.82,-17.02,-25566.4,1
96,3,418131.97,283034.64,160663.72,-25566.4,70729.16,324233.97,411,-25566.4,-6.11,-167275.05,1
96,4,520784.67,376628.4,311431.31,-167275.05,80050.8,405934.92,896,-167275.05,-32.12,-91867.06,1
96,5,429558.11,280255.69,241169.48,-91867.06,97650.83,260687.32,353,-91867.06,-21.39,-39405.89,1
96,6,426420.9,280092.18,185734.62,-39405.89,34879.36,50629.37,188,-39405.89,-9.24,-33888.43,1
96,7,488081.28,303375.89,218593.82,-33888.43,74517.86,358444.58,320,-33888.43,-6.94,-65178.63,1
96,8,379338.84,307777.16,136740.31,-65178.63,106233.56,36682.29,230,-65178.63,-17.18,-77379.07,1
96,9,421220.3,349166.89,149432.47,-77379.07,90267.26,196742.64,714,-77379.07,-18.37,-94620.18,1
96,10,468528.02,344076.66,219071.55,-94620.18,79864.97,78772.7,504,-94620.18,-20.2,-113682.07,1
96,11,446673.41,347544.38,212811.1,-113682.07,91079.43,27746.75,236,-113682.07,-25.45,-79034.18,1
97,1,353299.9,255716.23,204466.13,-106882.46,100092.07,332611.9,151,-106882.46,-30.25,-166850.42,1
97,2,411569.14,397718.96,180700.59,-166850.42,61666.04,92799.87,318,-166850.42,-40.54,-263289.43,1
97,3,416408.5,471643.13,208054.8,-263289.43,75705.77,149409.35,510,-263289.43,-63.23,2227.78,0
97,4,390377.84,249516.0,138634.06,2227.78,104608.21,274437.84,539,2227.78,0.57,-187103.62,1
97,5,393199.97,439945.97,140357.62,-187103.62,33825.42,383741.35,230,-187103.62,-47.58,-67731.04,1
97,6,355203.65,288802.36,134132.33,-67731.04,75746.53,187249.56,182,-67731.04,-19.07,-35233.76,1
97,7,385669.76,245339.19,175564.32,-35233.76,39150.16,73344.46,184,-35233.76,-9.14,-41078.48,1
97,8,444869.26,253883.19,232064.55,-41078.48,129499.6,70653.26,394,-41078.48,-9.23,-97407.35,1
97,9,377274.44,264787.24,209894.56,-97407.35,45088.89,161714.03,448,-97407.35,-25.82,-320613.17,1
97,10,436979.58,520151.81,237440.94,-320613.17,45255.29,163359.95,211,-320613.17,-73.37,-156484.85,1
97,11,424723.71,331248.68,249959.88,-156484.85,77682.05,96599.91,314,-156484.85,-36.84,-87950.6,1
98,1,91850.55,46014.79,39471.77,6364.0,17300.69,5586.37,48,6364.0,6.93,9782.92,0
98,2,113399.21,48218.29,55398.0,9782.92,22330.98,32837.34,124,9782.92,8.63,18935.46,0
98,3,100827.28,41259.84,40631.97,18935.46,29686.39,15379.02,42,18935.46,18.78,5329.45,0
98,4,85665.47,45635.33,34700.69,5329.45,13621.84,55556.87,72,5329.45,6.22,14675.27,0
98,5,109136.76,49070.72,45390.77,14675.27,15468.98,14155.37,180,14675.27,13.45,25301.59,0
98,6,88946.29,35640.01,28004.68,25301.59,22524.06,7732.1,48,25301.59,28.45,20873.94,0
98,7,108782.86,48625.77,39283.16,20873.94,15826.76,63756.11,149,20873.94,19.19,6559.75,0
98,8,100163.01,55029.37,38573.89,6559.75,22792.34,39634.95,46,6559.75,6.55,18833.86,0
98,9,118239.62,43924.91,55480.85,18833.86,12170.31,22231.61,104,18833.86,15.93,10378.44,0
98,10,100352.8,54713.76,35260.59,10378.44,5770.79,42887.39,61,10378.44,10.34,-22565.58,1
98,11,103630.95,83767.38,42429.16,-22565.58,20092.73,98766.95,46,-22565.58,-21.77,28298.64,0
99,1,202770.61,82167.46,98561.38,22041.76,53615.61,61423.64,132,22041.76,10.87,37205.36,0
99,2,189244.74,70281.16,81758.23,37205.36,43452.83,103534.96,320,37205.36,19.66,8326.73,0
99,3,198771.05,99221.11,91223.21,8326.73,31858.83,148470.19,113,8326.73,4.19,-59543.21,1
99,4,201867.82,168452.52,92958.51,-59543.21,11845.41,29668.75,118,-59543.21,-29.5,17456.85,0
99,5,209802.17,107599.18,84746.14,17456.85,37905.68,41999.82,279,17456.85,8.32,47056.4,0
99,6,194333.97,75338.16,71939.41,47056.4,48567.87,89619.34,130,47056.4,24.21,-51670.57,1
99,7,210470.09,188943.17,73197.48,-51670.57,40121.5,90928.25,117,-51670.57,-24.55,34035.31,0
99,8,179358.79,82527.04,62796.44,34035.31,28164.42,158954.14,74,34035.31,18.98,19128.66,0
99,9,201038.77,93884.82,88025.3,19128.66,22616.8,112252.91,106,19128.66,9.51,33565.82,0
99,10,205051.19,99624.0,71861.38,33565.82,51053.29,102797.3,98,33565.82,16.37,-26010.0,1
99,11,204712.89,144909.38,85813.51,-26010.0,42628.08,91890.88,135,-26010.0,-12.71,32954.16,0
100,1,201268.01,59925.18,47501.35,93841.47,15509.04,188516.64,172,93841.47,46.63,97122.9,0
100,2,219401.48,62056.73,60221.86,97122.9,40309.76,83610.33,287,97122.9,44.27,89655.41,0
100,3,208569.04,53090.0,65823.63,89655.41,41784.7,118623.11,124,89655.41,42.99,29611.21,0
100,4,196011.45,126945.99,39454.24,29611.21,17998.82,43540.95,106,29611.21,15.11,101104.58,0
100,5,215417.44,61185.64,53127.22,101104.58,55564.67,106913.67,133,101104.58,46.93,74791.92,0
100,6,212854.22,80134.65,57927.64,74791.92,54727.19,119386.5,264,74791.92,35.14,74219.63,0
100,7,185750.93,70868.88,40662.42,74219.63,33073.46,80643.06,225,74219.63,39.96,65699.8,0
100,8,214806.12,76282.53,72823.79,65699.8,23713.79,123969.67,102,65699.8,30.59,87195.63,0
100,9,195838.7,62220.59,46422.48,87195.63,40858.56,108901.21,152,87195.63,44.52,85070.18,0
100,10,222183.88,65257.11,71856.59,85070.18,38962.58,121042.96,159,85070.18,38.29,87471.87,0
100,11,207475.96,54935.61,65068.48,87471.87,13261.49,167566.2,256,87471.87,42.16,84925.24,0
101,1,368869.45,165194.24,143878.65,59796.56,46814.61,33278.58,208,59796.56,16.21,82409.33,0
101,2,344143.94,137556.79,124177.82,82409.33,45359.99,96389.93,410,82409.33,23.95,52368.79,0
101,3,331735.22,146212.55,133153.88,52368.79,69107.37,272084.13,562,52368.79,15.79,83106.03,0
101,4,354117.31,144936.02,126075.26,83106.03,43306.62,121914.46,229,83106.03,23.47,43486.02,0
101,5,313135.4,154655.71,114993.67,43486.02,58023.05,22711.88,474,43486.02,13.89,30186.04,0
101,6,387877.98,168181.53,189510.41,30186.04,27939.49,331248.62,197,30186.04,7.78,84941.96,0
101,7,377724.94,162732.2,130050.77,84941.96,70714.05,212058.58,231,84941.96,22.49,-7188.93,1
101,8,356062.22,192181.38,171069.78,-7188.93,89141.67,336926.27,510,-7188.93,-2.02,27367.4,0
101,9,343552.76,178409.32,137776.04,27367.4,29112.65,99559.23,174,27367.4,7.97,72973.15,0
101,10,295698.81,113236.91,109488.75,72973.15,40648.36,213762.99,239,72973.15,24.68,36671.44,0
101,11,318830.16,162923.34,119235.38,36671.44,73760.53,79445.42,140,36671.44,11.5,49091.11,0
102,1,271801.26,203106.84,131151.96,-62457.54,62656.81,58566.37,161,-62457.54,-22.98,-55718.17,1
102,2,260530.84,202667.1,113581.91,-55718.17,43776.78,107798.25,259,-55718.17,-21.39,-31061.89,1
102,3,340523.64,218670.37,152915.17,-31061.89,36470.85,283009.4,312,-31061.89,-9.12,-77180.34,1
102,4,318231.05,243200.22,152211.16,-77180.34,74388.35,72935.21,437,-77180.34,-24.25,-95.65,1
102,5,368374.95,233148.5,135322.11,-95.65,41009.78,233721.68,265,-95.65,-0.03,-76155.31,1
102,6,322866.72,216369.93,182652.1,-76155.31,55939.01,189174.26,178,-76155.31,-23.59,-109325.8,1
102,7,293345.0,240395.51,162275.29,-109325.8,19837.82,176311.07,151,-109325.8,-37.27,-23534.15,1
102,8,313969.09,177868.2,159635.04,-23534.15,58054.13,54186.34,202,-23534.15,-7.5,-91715.88,1
102,9,270742.11,266951.79,95506.2,-91715.88,33646.22,27495.93,159,-91715.88,-33.88,-102973.14,1
102,10,297062.29,243950.47,156084.97,-102973.14,81437.51,195860.17,145,-102973.14,-34.66,722.41,0
102,11,316116.54,187915.61,127478.53,722.41,93585.78,24917.03,126,722.41,0.23,-46821.49,1
103,1,90943.78,24981.72,20216.88,45745.18,13319.0,66252.97,142,45745.18,50.3,34823.25,0
103,2,86617.78,34285.48,17509.05,34823.25,16514.39,15416.23,108,34823.25,40.2,37553.9,0
103,3,84991.87,24856.09,22581.88,37553.9,5791.07,58605.64,39,37553.9,44.19,-3625.65,1
103,4,84720.44,58818.79,29527.31,-3625.65,13729.54,40180.52,59,-3625.65,-4.28,34932.76,0
103,5,87462.23,31332.16,21197.31,34932.76,11301.1,64620.46,117,34932.76,39.94,38127.11,0
103,6,79876.55,21990.43,19759.01,38127.11,16884.14,34070.41,121,38127.11,47.73,-51.53,1
103,7,89894.4,69806.94,20138.99,-51.53,6885.2,11527.31,177,-51.53,-0.06,32711.93,0
103,8,79859.17,25146.87,22000.37,32711.93,9903.81,57890.19,95,32711.93,40.96,7776.1,0
103,9,84954.3,57514.14,19664.06,7776.1,17322.44,11918.59,35,7776.1,9.15,28525.82,0
103,10,88832.44,35272.0,25034.63,28525.82,8426.76,6586.89,153,28525.82,32.11,31260.04,0
103,11,81210.06,31979.05,17970.97,31260.04,20759.68,20936.22,82,31260.04,38.49,34800.07,0
104,1,402767.77,212727.77,128439.62,61600.39,115702.03,50088.51,170,61600.39,15.29,41098.85,0
104,2,379030.04,160188.15,177743.04,41098.85,60725.84,247328.83,184,41098.85,10.84,99356.42,0
104,3,408095.75,158074.5,150664.83,99356.42,68260.17,149946.45,570,99356.42,24.35,122728.6,0
104,4,390623.2,148095.31,119799.29,122728.6,112738.51,62457.31,163,122728.6,31.42,23989.77,0
104,5,431479.09,206702.46,200786.87,23989.77,76021.69,307315.2,257,23989.77,5.56,76013.39,0
104,6,449810.43,232352.19,141444.84,76013.39,82543.33,184513.51,381,76013.39,16.9,37200.72,0
104,7,433472.89,194731.27,201540.89,37200.72,32769.95,47001.66,719,37200.72,8.58,85485.34,0
104,8,413927.67,176345.62,152096.71,85485.34,97564.98,40693.75,439,85485.34,20.65,122783.47,0
104,9,417192.77,158075.61,136333.69,122783.47,104736.55,92459.16,317,122783.47,29.43,42026.06,0
104,10,348258.85,146660.3,159572.49,42026.06,28544.14,261905.44,269,42026.06,12.07,69253.91,0
104,11,380881.0,171225.55,140401.54,69253.91,56989.51,25981.52,186,69253.91,18.18,110194.47,0
105,1,253386.49,78710.21,67761.23,106915.06,66530.89,182704.41,234,106915.06,42.19,104001.89,0
105,2,268732.47,73841.22,90889.36,104001.89,32164.31,133660.75,115,104001.89,38.7,98173.47,0
105,3,268611.36,99505.72,70932.17,98173.47,80215.8,257529.08,122,98173.47,36.55,92378.09,0
105,4,229502.75,81073.24,56051.42,92378.09,27285.39,186073.72,98,92378.09,40.25,108730.92,0
105,5,270291.98,99671.32,61889.75,108730.92,19830.51,143919.03,327,108730.92,40.23,94265.87,0
105,6,259971.89,81228.85,84477.17,94265.87,33663.75,144377.44,170,94265.87,36.26,78036.06,0
105,7,254300.38,90242.54,86021.78,78036.06,70067.53,234359.01,107,78036.06,30.69,117850.24,0
105,8,262250.9,76201.44,68199.22,117850.24,36660.17,162658.6,356,117850.24,44.94,102332.3,0
105,9,253136.34,85265.81,65538.23,102332.3,45253.46,177555.36,140,102332.3,40.43,104379.23,0
105,10,246984.88,77463.56,65142.09,104379.23,44039.79,150122.39,169,104379.23,42.26,-23453.92,1
105,11,269367.54,201999.87,90821.59,-23453.92,44604.27,119070.27,265,-23453.92,-8.71,123313.27,0
106,1,83371.92,38050.75,38501.73,6819.44,8649.94,60849.31,39,6819.44,8.18,-6508.99,1
106,2,73122.87,55170.66,24461.2,-6508.99,10098.87,42203.91,83,-6508.99,-8.9,15809.92,0
106,3,75801.06,29963.09,30028.05,15809.92,7865.98,23367.02,90,15809.92,20.86,4314.69,0
106,4,82514.37,40736.69,37462.99,4314.69,18856.33,61814.7,106,4314.69,5.23,22262.39,0
106,5,74909.1,28100.82,24545.89,22262.39,12540.8,59461.91,37,22262.39,29.72,-15153.67,1
106,6,75118.87,57425.06,32847.48,-15153.67,15734.06,4422.83,132,-15153.67,-20.17,12962.41,0
106,7,81353.97,32791.67,35599.89,12962.41,10307.43,6852.89,34,12962.41,15.93,21800.31,0
106,8,83954.65,35180.02,26974.32,21800.31,20326.84,21875.64,80,21800.31,25.97,10931.52,0
106,9,80635.1,43144.05,26559.53,10931.52,23131.73,71792.93,86,10931.52,13.56,4967.88,0
106,10,69959.55,33357.49,31634.19,4967.88,6653.57,54409.27,59,4967.88,7.1,7525.31,0
106,11,76583.49,38963.17,30095.01,7525.31,22882.37,32866.1,44,7525.31,9.83,14003.45,0
107,1,453051.39,211536.62,139369.32,102145.45,103299.04,396648.23,191,102145.45,22.55,114424.08,0
107,2,444632.31,184739.44,145468.79,114424.08,108509.35,432587.22,310,114424.08,25.73,101335.7,0
107,3,426246.15,175171.24,149739.21,101335.7,22989.16,126413.8,233,101335.7,23.77,125883.4,0
107,4,385026.83,137228.39,121915.03,125883.4,103745.94,299027.95,707,125883.4,32.69,29187.7,0
107,5,384250.52,184336.17,170726.65,29187.7,64882.26,382224.59,156,29187.7,7.6,26385.11,0
107,6,450313.52,237060.05,186868.36,26385.11,63537.7,27702.62,451,26385.11,5.86,74686.17,0
107,7,476585.01,254155.37,147743.48,74686.17,117864.69,186145.65,646,74686.17,15.67,-3412.79,1
107,8,506336.94,278125.87,231623.86,-3412.79,129539.66,352700.98,243,-3412.79,-0.67,-3905.9,1
107,9,512749.77,265450.66,251205.01,-3905.9,87591.95,189292.75,633,-3905.9,-0.76,89896.26,0
107,10,457168.64,196611.91,170660.46,89896.26,98920.94,447755.17,233,89896.26,19.66,114042.23,0
107,11,399483.49,142575.97,142865.29,114042.23,40474.86,290256.23,240,114042.23,28.55,129990.06,0
108,1,157035.04,95759.6,82998.2,-21722.76,14933.54,90276.04,168,-21722.76,-13.83,-40245.98,1
108,2,150181.22,100673.95,89753.25,-40245.98,37322.31,145747.38,91,-40245.98,-26.8,-32911.52,1
108,3,156501.53,118427.54,70985.51,-32911.52,44209.42,58900.14,64,-32911.52,-21.03,-46200.88,1
108,4,143404.63,116808.98,72796.53,-46200.88,7827.68,24556.9,71,-46200.88,-32.22,-27151.56,1
108,5,130524.21,81063.39,76612.39,-27151.56,16466.8,73884.42,241,-27151.56,-20.8,-25808.09,1
108,6,147601.25,98245.54,75163.8,-25808.09,31260.76,103696.05,71,-25808.09,-17.49,-73709.8,1
108,7,159258.7,141468.64,91499.86,-73709.8,39294.22,101750.87,239,-73709.8,-46.28,-85358.84,1
108,8,120868.12,143463.12,62763.83,-85358.84,8427.58,16533.09,89,-85358.84,-70.62,-50528.84,1
108,9,188800.4,148220.62,91108.62,-50528.84,30342.59,66560.82,96,-50528.84,-26.76,-52160.01,1
108,10,132056.81,111859.06,72357.76,-52160.01,32021.58,114177.77,263,-52160.01,-39.5,-15293.18,1
108,11,170145.96,118334.77,67104.38,-15293.18,32660.71,142925.74,71,-15293.18,-8.99,-43651.04,1
109,1,167804.73,87943.12,69076.2,10785.41,20698.28,13717.55,78,10785.41,6.43,30531.87,0
109,2,156656.6,68940.91,57183.82,30531.87,39898.01,26378.39,70,30531.87,19.49,29767.66,0
109,3,142640.94,60583.63,52289.66,29767.66,28787.32,71718.86,63,29767.66,20.87,33039.59,0
109,4,153812.38,54822.1,65950.69,33039.59,36895.23,137165.31,78,33039.59,21.48,-4012.77,1
109,5,157389.42,113742.16,47660.02,-4012.77,11835.97,46776.26,184,-4012.77,-2.55,-43216.0,1
109,6,167251.4,129875.51,80591.9,-43216.0,14724.31,153305.67,73,-43216.0,-25.84,26941.8,0
109,7,177297.87,62243.58,88112.49,26941.8,48540.0,119903.41,149,26941.8,15.2,19822.74,0
109,8,175473.93,92778.28,62872.9,19822.74,13148.74,162463.91,224,19822.74,11.3,12042.39,0
109,9,164264.15,82595.07,69626.69,12042.39,8251.93,126367.27,66,12042.39,7.33,13508.82,0
109,10,140751.94,72062.55,55180.58,13508.82,21459.31,77228.82,96,13508.82,9.6,32582.78,0
109,11,179714.72,81833.78,65298.16,32582.78,10681.67,108554.05,187,32582.78,18.13,29662.35,0
110,1,279329.05,200425.81,141971.01,-63067.76,77431.69,19584.81,233,-63067.76,-22.58,-197117.73,1
110,2,294508.33,332081.41,159544.65,-197117.73,19370.89,44901.62,163,-197117.73,-66.93,-98143.06,1
110,3,271741.96,208295.13,161589.89,-98143.06,31623.92,91702.73,261,-98143.06,-36.12,-54860.79,1
110,4,263635.52,186226.43,132269.88,-54860.79,27107.34,134027.11,223,-54860.79,-20.81,-76687.42,1
110,5,369830.2,274316.34,172201.28,-76687.42,20732.7,238085.03,367,-76687.42,-20.74,-109740.94,1
110,6,321462.99,258657.99,172545.94,-109740.94,16919.08,318523.37,172,-109740.94,-34.14,1920.01,0
110,7,278310.73,171498.09,104892.63,1920.01,47761.36,179219.92,129,1920.01,0.69,-30310.83,1
110,8,369296.71,264334.18,135273.36,-30310.83,102944.45,322910.43,297,-30310.83,-8.21,-26742.01,1
110,9,304164.4,188140.15,142766.26,-26742.01,56177.08,89659.81,246,-26742.01,-8.79,-20604.74,1
110,10,345534.12,233875.21,132263.66,-20604.74,88807.41,152375.57,224,-20604.74,-5.96,-59594.58,1
110,11,307868.08,225421.74,142040.92,-59594.58,17024.51,81928.73,212,-59594.58,-19.36,-76381.9,1
111,1,182179.46,63035.43,49957.1,69186.93,48947.16,38627.94,235,69186.93,37.98,-10343.95,1
111,2,183609.16,148935.11,45018.0,-10343.95,19595.72,171273.68,94,-10343.95,-5.63,83039.1,0
111,3,190159.79,54220.1,52900.58,83039.1,24028.2,67580.76,232,83039.1,43.67,81423.51,0
111,4,203081.63,57020.74,64637.39,81423.51,11598.88,131573.99,82,81423.51,40.09,62275.69,0
111,5,189582.41,63615.91,63690.8,62275.69,38983.63,66221.83,119,62275.69,32.85,84172.67,0
111,6,193735.78,51085.55,58477.56,84172.67,56427.08,57612.66,360,84172.67,43.45,86249.31,0
111,7,214348.94,79000.69,49098.95,86249.31,38185.78,78038.18,96,86249.31,40.24,72105.98,0
111,8,200852.76,64486.6,64260.19,72105.98,48861.96,73520.01,92,72105.98,35.9,89497.2,0
111,9,200410.27,56535.95,54377.11,89497.2,23383.04,194124.55,244,89497.2,44.66,-22643.31,1
111,10,180522.85,140411.95,62754.21,-22643.31,20440.23,15969.67,138,-22643.31,-12.54,80235.85,0
111,11,197434.57,75224.08,41974.64,80235.85,43441.02,135366.28,82,80235.85,40.64,93399.79,0
112,1,225351.83,101262.75,69463.26,54625.82,14003.74,140515.97,107,54625.82,24.24,7686.95,0
112,2,228796.82,106847.74,114262.13,7686.95,54272.18,156463.31,92,7686.95,3.36,-73928.82,1
112,3,198771.08,186521.62,86178.28,-73928.82,53823.2,118902.83,164,-73928.82,-37.19,6498.82,0
112,4,221684.3,113986.06,101199.41,6498.82,19639.11,63941.99,112,6498.82,2.93,52699.48,0
112,5,202009.22,85570.5,63739.24,52699.48,10281.14,19032.19,397,52699.48,26.09,31304.19,0
112,6,227735.32,109099.77,87331.35,31304.19,63350.33,53099.37,178,31304.19,13.75,47024.03,0
112,7,210875.89,97200.87,66650.99,47024.03,32831.2,170912.67,209,47024.03,22.3,24272.43,0
112,8,224340.76,97475.11,102593.22,24272.43,14561.15,184370.72,203,24272.43,10.82,28468.31,0
112,9,181847.67,85957.41,67421.94,28468.31,10817.13,34480.57,77,28468.31,15.66,-1268.66,1
112,10,220268.02,121071.52,100465.15,-1268.66,33174.85,165757.91,90,-1268.66,-0.58,-4627.08,1
112,11,234776.98,127956.69,111447.37,-4627.08,12210.27,121491.83,150,-4627.08,-1.97,53044.9,0
113,1,275256.73,105153.5,91705.37,78397.87,73473.28,14322.67,218,78397.87,28.48,97331.73,0
113,2,261447.17,97462.64,66652.81,97331.73,52702.32,103735.45,113,97331.73,37.23,74741.91,0
113,3,229025.26,91524.69,62758.66,74741.91,40827.73,188560.14,111,74741.91,32.63,89747.43,0
113,4,275713.99,101541.95,84424.61,89747.43,73207.86,247803.82,310,89747.43,32.55,-14320.69,1
113,5,273214.28,210541.98,76992.99,-14320.69,48176.7,181775.91,181,-14320.69,-5.24,128364.7,0
113,6,284963.64,92263.16,64335.78,128364.7,25564.99,67218.07,116,128364.7,45.05,98223.28,0
113,7,265551.02,89912.51,77415.23,98223.28,65970.67,211363.4,272,98223.28,36.99,96041.98,0
113,8,262408.44,76964.38,89402.08,96041.98,58897.38,33620.18,196,96041.98,36.6,99865.88,0
113,9,254362.71,80692.5,73804.33,99865.88,62378.95,215808.22,221,99865.88,39.26,112423.77,0
113,10,275100.11,103382.23,59294.11,112423.77,24260.42,35427.61,154,112423.77,40.87,128315.87,0
113,11,283603.09,86351.01,68936.21,128315.87,46507.09,106976.97,150,128315.87,45.24,83494.1,0
114,1,312458.97,238592.96,134923.71,-61057.7,26938.09,188242.14,373,-61057.7,-19.54,-173305.78,1
114,2,402532.68,388562.94,187275.52,-173305.78,90170.81,380407.61,469,-173305.78,-43.05,-118735.29,1
114,3,453095.31,335921.44,235909.16,-118735.29,125773.18,163297.37,302,-118735.29,-26.21,-128326.71,1
114,4,332901.61,283566.39,177661.93,-128326.71,51158.5,42686.33,194,-128326.71,-38.55,-4249.21,1
114,5,379646.42,248591.64,135303.99,-4249.21,86457.79,128554.64,249,-4249.21,-1.12,-103597.72,1
114,6,426957.06,331746.14,198808.64,-103597.72,44320.35,48089.22,273,-103597.72,-24.26,-25759.03,1
114,7,398359.78,278000.69,146118.13,-25759.03,36562.7,284252.19,193,-25759.03,-6.47,-37546.28,1
114,8,387984.09,258474.36,167056.0,-37546.28,41117.22,366332.75,228,-37546.28,-9.68,-107760.62,1
114,9,378553.31,311662.81,174651.12,-107760.62,23009.21,225334.96,171,-107760.62,-28.47,-53283.45,1
114,10,368767.46,265104.99,156945.92,-53283.45,18731.02,354604.57,218,-53283.45,-14.45,17211.36,0
114,11,391040.66,220261.75,153567.55,17211.36,83955.07,251038.83,262,17211.36,4.4,-31200.74,1
115,1,140784.45,55707.65,30645.82,54430.98,10242.48,37939.2,237,54430.98,38.66,47318.04,0
115,2,149415.22,53157.0,48940.18,47318.04,42154.59,91260.44,84,47318.04,31.67,50697.3,0
115,3,140448.44,42575.52,47175.62,50697.3,41308.79,127351.12,186,50697.3,36.1,54539.4,0
115,4,149437.11,55823.52,39074.18,54539.4,25115.93,86097.34,95,54539.4,36.5,41365.28,0
115,5,140102.12,53847.93,44888.91,41365.28,34211.83,90303.43,106,41365.28,29.53,54467.47,0
115,6,142235.93,40978.62,46789.83,54467.47,26588.87,89479.21,208,54467.47,38.29,56251.64,0
115,7,134077.14,37710.21,40115.29,56251.64,20237.49,33165.56,74,56251.64,41.95,43896.78,0
115,8,142951.73,54418.59,44636.37,43896.78,26322.94,109255.5,183,43896.78,30.71,45297.92,0
115,9,135645.18,44314.52,46032.75,45297.92,11344.19,29048.44,111,45297.92,33.39,54921.85,0
115,10,132606.13,38934.7,38749.59,54921.85,38531.75,88968.48,60,54921.85,41.42,51842.57,0
115,11,133603.05,43915.76,37844.72,51842.57,14024.41,53427.17,108,51842.57,38.8,49109.89,0
116,1,122494.17,35966.59,37131.08,49396.49,20175.0,120590.66,95,49396.49,40.33,49921.92,0
116,2,111466.44,33924.18,27620.34,49921.92,19415.33,69110.73,129,49921.92,44.79,35053.87,0
116,3,111096.88,39949.94,36093.07,35053.87,25836.81,59642.47,57,35053.87,31.55,47908.75,0
116,4,123198.77,38610.87,36679.15,47908.75,8308.43,54552.37,86,47908.75,38.89,63931.73,0
116,5,126458.46,33009.78,29516.95,63931.73,20142.44,91052.55,77,63931.73,50.56,1374.17,0
116,6,115860.62,80925.18,33561.27,1374.17,9936.81,107565.23,163,1374.17,1.19,42736.13,0
116,7,113446.69,42770.34,27940.22,42736.13,6767.57,19497.28,119,42736.13,37.67,10253.51,0
116,8,118102.81,68665.44,39183.86,10253.51,27888.7,20866.92,154,10253.51,8.68,44483.03,0
116,9,120305.08,36732.97,39089.08,44483.03,27905.79,16748.21,66,44483.03,36.98,47106.0,0
116,10,120776.89,35932.58,37738.3,47106.0,33149.73,33871.68,100,47106.0,39.0,43009.28,0
116,11,121945.05,37176.87,41758.9,43009.28,8989.51,121580.0,117,43009.28,35.27,49613.29,0
117,1,355402.63,185276.24,140888.25,29238.14,30663.32,183911.72,275,29238.14,8.23,72996.0,0
117,2,333557.09,157526.83,103034.26,72996.0,23276.39,224700.05,621,72996.0,21.88,65141.29,0
117,3,334741.22,151671.08,117928.86,65141.29,43629.43,247165.8,312,65141.29,19.46,68905.2,0
117,4,356312.29,178332.38,109074.71,68905.2,62232.93,33068.13,408,68905.2,19.34,54116.13,0
117,5,320710.14,128958.67,137635.35,54116.13,92068.62,84530.3,128,54116.13,16.87,-136670.98,1
117,6,369324.46,338216.51,167778.93,-136670.98,43395.81,252817.33,174,-136670.98,-37.01,64105.57,0
117,7,339526.18,152368.21,123052.4,64105.57,43930.07,133335.45,184,64105.57,18.88,55055.0,0
117,8,310995.63,148195.22,107745.41,55055.0,82630.65,165956.33,227,55055.0,17.7,68248.12,0
117,9,386826.84,187353.09,131225.64,68248.12,43753.13,26161.26,203,68248.12,17.64,44554.85,0
117,10,320816.8,153658.0,122603.94,44554.85,92007.79,197443.55,176,44554.85,13.89,46409.95,0
117,11,355812.69,179798.62,129604.12,46409.95,40576.07,103854.2,148,46409.95,13.04,56153.51,0
118,1,187490.01,143480.46,66822.95,-22813.4,33947.78,50152.68,252,-22813.4,-12.17,-13411.79,1
118,2,166174.98,110814.08,68772.69,-13411.79,32194.47,148798.81,92,-13411.79,-8.07,-46246.47,1
118,3,202183.09,133759.99,114669.56,-46246.47,53341.68,122936.29,88,-46246.47,-22.87,-30890.7,1
118,4,178549.39,144553.98,64886.12,-30890.7,36864.13,143537.93,168,-30890.7,-17.3,-38025.67,1
118,5,213578.23,133384.78,118219.12,-38025.67,28807.91,32621.65,141,-38025.67,-17.8,-22635.78,1
118,6,189203.77,99758.72,112080.84,-22635.78,34298.03,75717.39,299,-22635.78,-11.96,-39444.73,1
118,7,203961.8,125607.29,117799.24,-39444.73,37924.78,29619.39,86,-39444.73,-19.34,-4698.23,1
118,8,214310.58,139672.14,79336.66,-4698.23,38235.83,152120.84,350,-4698.23,-2.19,-19149.67,1
118,9,196146.67,104694.82,110601.51,-19149.67,27499.19,123885.96,243,-19149.67,-9.76,10205.28,0
118,10,169255.33,90673.51,68376.54,10205.28,30228.29,103130.91,81,10205.28,6.03,-26899.08,1
118,11,201377.02,133940.61,94335.49,-26899.08,21648.05,11163.31,111,-26899.08,-13.36,-101946.88,1
119,1,37108.57,24025.21,21552.74,-8469.38,4230.2,2984.17,33,-8469.38,-22.82,-29870.28,1
119,2,47854.95,55941.14,21784.09,-29870.28,12661.34,24248.29,94,-29870.28,-62.42,-21592.23,1
119,3,46754.9,41325.45,27021.68,-21592.23,6448.06,42574.19,18,-21592.23,-46.18,-3797.84,1
119,4,44841.72,30024.01,18615.55,-3797.84,2607.82,42534.15,19,-3797.84,-8.47,-13893.59,1
119,5,49228.38,37757.05,25364.93,-13893.59,13501.47,45775.03,39,-13893.59,-28.22,-6061.13,1
119,6,44737.16,24930.83,25867.46,-6061.13,3808.22,18785.92,33,-6061.13,-13.55,-9963.99,1
119,7,49062.12,38753.54,20272.58,-9963.99,6135.53,21107.65,26,-9963.99,-20.31,-10683.64,1
119,8,54813.05,44520.75,20975.95,-10683.64,13722.07,6398.08,29,-10683.64,-19.49,-19048.19,1
119,9,52818.5,43409.65,28457.03,-19048.19,14402.89,32150.62,22,-19048.19,-36.06,-6520.08,1
119,10,44513.27,29823.16,21210.19,-6520.08,3790.14,39002.78,24,-6520.08,-14.65,-10413.79,1
119,11,53544.92,38975.95,24982.76,-10413.79,5267.16,48052.74,95,-10413.79,-19.45,-29380.73,1
120,1,363382.56,281436.69,182463.89,-100518.02,88603.18,216469.56,192,-100518.02,-27.66,-112050.97,1
120,2,356357.92,280216.8,188192.09,-112050.97,21406.26,148635.03,271,-112050.97,-31.44,-121176.99,1
120,3,346638.32,260854.6,206960.71,-121176.99,98544.5,72339.84,179,-121176.99,-34.96,-57559.86,1
120,4,302666.33,247560.5,112665.69,-57559.86,17660.81,41323.09,505,-57559.86,-19.02,-63070.36,1
120,5,337738.55,260000.08,140808.84,-63070.36,20732.94,113215.28,216,-63070.36,-18.67,-10450.46,1
120,6,259867.52,161573.66,108744.33,-10450.46,77709.82,94348.81,205,-10450.46,-4.02,-99497.12,1
120,7,385288.81,262770.05,222015.89,-99497.12,81553.39,368013.87,184,-99497.12,-25.82,-4939.36,1
120,8,361528.11,209897.79,156569.68,-4939.36,81360.78,301859.95,184,-4939.36,-1.37,-48237.97,1
120,9,345328.41,209322.92,184243.46,-48237.97,63223.64,113155.72,190,-48237.97,-13.97,-23574.23,1
120,10,350097.61,232802.52,140869.32,-23574.23,67351.07,309057.43,148,-23574.23,-6.73,-69194.79,1
120,11,390783.99,250315.14,209663.64,-69194.79,81500.74,26280.25,200,-69194.79,-17.71,-76811.84,1
121,1,208675.48,129102.83,107501.67,-27929.02,16774.94,33509.67,229,-27929.02,-13.38,-8682.55,1
121,2,180196.2,97878.24,91000.51,-8682.55,9650.78,142892.98,84,-8682.55,-4.82,-27235.03,1
121,3,244276.33,171382.8,100128.56,-27235.03,58436.0,23263.53,101,-27235.03,-11.15,-106878.34,1
121,4,214738.29,215350.79,106265.84,-106878.34,29526.89,129125.48,225,-106878.34,-49.77,-33415.42,1
121,5,236294.04,150234.14,119475.32,-33415.42,44995.19,144956.27,189,-33415.42,-14.14,-3181.65,1
121,6,217276.06,129543.94,90913.77,-3181.65,21697.21,141691.07,132,-3181.65,-1.46,-35189.37,1
121,7,194305.23,135477.18,94017.42,-35189.37,45876.18,163733.05,161,-35189.37,-18.11,-10259.52,1
121,8,206597.46,112393.11,104463.88,-10259.52,48525.11,164132.67,187,-10259.52,-4.97,-210008.78,1
121,9,289803.0,343217.54,156594.23,-210008.78,33040.76,47498.34,124,-210008.78,-72.47,-35790.84,1
121,10,237963.77,179723.45,94031.16,-35790.84,61564.91,78336.62,387,-35790.84,-15.04,-50165.12,1
121,11,229577.96,182980.54,96762.54,-50165.12,39807.26,163395.16,220,-50165.12,-21.85,-29552.34,1
122,1,360924.77,164516.97,171526.13,24881.68,43260.66,97239.64,160,24881.68,6.89,73687.31,0
122,2,319512.58,122757.43,123067.85,73687.31,77745.72,159965.25,265,73687.31,23.06,37160.78,0
122,3,388419.98,178966.37,172292.84,37160.78,106984.62,140640.51,161,37160.78,9.57,93910.45,0
122,4,348257.99,123622.94,130724.6,93910.45,41324.02,107760.56,315,93910.45,26.97,8385.24,0
122,5,326643.83,161802.03,156456.56,8385.24,33029.14,305754.24,317,8385.24,2.57,126751.99,0
122,6,419670.1,159465.76,133452.34,126751.99,32919.18,76311.59,381,126751.99,30.2,13104.93,0
122,7,381167.66,195672.06,172390.67,13104.93,42434.49,368780.45,738,13104.93,3.44,42174.33,0
122,8,314475.19,165396.37,106904.49,42174.33,42635.55,147279.48,164,42174.33,13.41,-34101.86,1
122,9,309265.23,205391.07,137976.02,-34101.86,50879.31,54197.12,169,-34101.86,-11.03,84687.6,0
122,10,383863.09,150785.45,148390.04,84687.6,71828.81,61514.36,702,84687.6,22.06,117243.37,0
122,11,372458.12,135420.28,119794.48,117243.37,61909.14,355325.53,155,117243.37,31.48,24865.69,0
123,1,483767.75,348395.9,152347.3,-16975.45,55866.62,340770.49,206,-16975.45,-3.51,209521.97,0
123,2,494631.74,148871.32,136238.46,209521.97,44221.48,302119.29,249,209521.97,42.36,179306.37,0
123,3,503868.88,186490.7,138071.82,179306.37,80358.37,428466.99,297,179306.37,35.59,192277.8,0
123,4,464954.59,166764.68,105912.1,192277.8,70217.5,311963.02,864,192277.8,41.35,22818.72,0
123,5,470137.29,330720.61,116597.95,22818.72,25559.97,109426.54,234,22818.72,4.85,179840.0,0
123,6,453775.45,177228.02,96707.43,179840.0,51490.0,82635.31,483,179840.0,39.63,207907.71,0
123,7,447514.65,141026.54,98580.4,207907.71,43717.07,397762.98,233,207907.71,46.46,168744.8,0
123,8,465874.06,177157.64,119971.62,168744.8,67620.13,31502.77,238,168744.8,36.22,170985.41,0
123,9,433048.37,147115.7,114947.27,170985.41,60221.12,274206.68,385,170985.41,39.48,146879.92,0
123,10,438913.83,174946.33,117087.57,146879.92,35850.67,327593.43,422,146879.92,33.46,165490.82,0
123,11,485693.02,192131.84,128070.36,165490.82,30762.46,415362.4,276,165490.82,34.07,157891.45,0
124,1,87962.41,34202.57,22549.68,31210.16,16058.58,63234.54,86,31210.16,35.48,30437.22,0
124,2,92457.87,36177.45,25843.2,30437.22,13060.73,13424.96,50,30437.22,32.92,40913.27,0
124,3,95821.59,26726.58,28181.73,40913.27,15916.04,79208.36,63,40913.27,42.7,31845.96,0
124,4,94762.6,30738.71,32177.92,31845.96,23354.25,31408.4,59,31845.96,33.61,33313.67,0
124,5,94474.17,30480.39,30680.11,33313.67,14516.43,6312.69,42,33313.67,35.26,9850.96,0
124,6,88968.6,53024.73,26092.91,9850.96,26378.31,12959.07,66,9850.96,11.07,-414.04,1
124,7,98644.25,75812.3,23245.99,-414.04,13227.42,67914.61,174,-414.04,-0.42,40380.54,0
124,8,94560.41,25532.25,28647.63,40380.54,25001.48,9991.38,101,40380.54,42.7,32060.28,0
124,9,91704.62,31315.32,28329.02,32060.28,23588.65,57154.6,71,32060.28,34.96,37431.86,0
124,10,98546.52,32879.69,28234.97,37431.86,14849.29,37079.02,75,37431.86,37.98,34803.46,0
124,11,95377.78,37297.24,23277.09,34803.46,23533.44,54243.57,59,34803.46,36.49,49836.68,0
125,1,401227.6,149197.41,196516.13,55514.06,70494.06,256841.89,791,55514.06,13.84,40324.2,0
125,2,440780.87,236358.26,164098.4,40324.2,41225.05,180386.94,209,40324.2,9.15,40884.33,0
125,3,465929.24,210342.6,214702.32,40884.33,66150.64,172319.34,463,40884.33,8.77,16234.93,0
125,4,387207.15,180168.71,190803.51,16234.93,28580.97,63281.5,187,16234.93,4.19,55904.36,0
125,5,371791.02,156363.71,159522.95,55904.36,87704.52,138351.04,264,55904.36,15.04,122910.62,0
125,6,390199.15,144527.3,122761.23,122910.62,48930.64,246668.5,665,122910.62,31.5,41752.72,0
125,7,469983.48,243636.82,184593.94,41752.72,85135.81,122953.0,399,41752.72,8.88,81121.25,0
125,8,430230.93,192773.61,156336.07,81121.25,57800.75,71718.63,642,81121.25,18.86,60233.99,0
125,9,446942.96,173248.22,213460.75,60233.99,80508.63,329843.61,362,60233.99,13.48,57302.5,0
125,10,354204.82,126577.06,170325.26,57302.5,101651.24,210145.63,318,57302.5,16.18,126653.21,0
125,11,461815.6,163786.33,171376.06,126653.21,81980.26,130240.59,394,126653.21,27.43,19930.83,0
126,1,327785.91,206871.55,132349.42,-11435.06,84935.33,312202.07,155,-11435.06,-3.49,-72775.91,1
126,2,374604.07,242407.27,204972.71,-72775.91,21857.51,155996.7,162,-72775.91,-19.43,-65005.83,1
126,3,300155.92,258230.9,106930.86,-65005.83,17820.85,276717.47,385,-65005.83,-21.66,-91155.33,1
126,4,302937.93,267309.62,126783.63,-91155.33,20551.84,234028.7,205,-91155.33,-30.09,-122314.65,1
126,5,293126.41,246105.46,169335.6,-122314.65,38080.64,120783.87,169,-122314.65,-41.73,-49101.85,1
126,6,263379.35,188580.98,123900.22,-49101.85,67235.72,122005.53,134,-49101.85,-18.64,-12750.75,1
126,7,308499.46,182196.18,139054.03,-12750.75,43127.72,185530.73,476,-12750.75,-4.13,-65482.83,1
126,8,315616.76,200433.16,180666.43,-65482.83,94586.4,127277.86,287,-65482.83,-20.75,-80856.07,1
126,9,366840.68,286714.25,160982.5,-80856.07,81449.07,25717.59,312,-80856.07,-22.04,-118910.17,1
126,10,343546.28,322206.06,140250.38,-118910.17,43765.16,218509.13,219,-118910.17,-34.61,-23125.24,1
126,11,306259.76,183717.94,145667.07,-23125.24,50828.8,32419.5,156,-23125.24,-7.55,-42539.0,1
127,1,131119.5,51861.46,37073.82,42184.23,38826.69,75932.4,71,42184.23,32.17,58022.68,0
127,2,131045.57,39302.61,33720.28,58022.68,8838.56,38407.98,146,58022.68,44.28,53753.0,0
127,3,131666.5,43997.4,33916.09,53753.0,28046.94,23426.92,85,53753.0,40.83,53038.67,0
127,4,129317.12,47228.05,29050.4,53038.67,31061.79,13827.92,240,53038.67,41.01,65311.81,0
127,5,133063.03,38544.48,29206.75,65311.81,20204.12,94999.26,57,65311.81,49.08,54186.75,0
127,6,139640.38,51776.87,33676.76,54186.75,36075.79,130239.71,98,54186.75,38.8,14211.18,0
127,7,134603.44,73393.49,46998.76,14211.18,36764.99,14474.54,59,14211.18,10.56,61469.45,0
127,8,140593.45,50231.68,28892.32,61469.45,33548.11,84910.75,59,61469.45,43.72,51063.66,0
127,9,129057.03,33902.52,44090.86,51063.66,8853.24,106568.44,57,51063.66,39.57,52962.09,0
127,10,136867.09,47344.2,36560.81,52962.09,31023.79,122958.45,56,52962.09,38.7,-10977.95,1
127,11,140649.02,120306.32,31320.64,-10977.95,13898.7,12708.32,171,-10977.95,-7.81,60625.05,0
128,1,386245.33,474230.08,197136.75,-285121.5,36972.73,191862.17,172,-285121.5,-73.82,-18978.27,1
128,2,418519.24,241128.78,196368.73,-18978.27,39459.61,165501.91,335,-18978.27,-4.53,44463.88,0
128,3,391009.73,206741.1,139804.75,44463.88,111522.19,91586.77,474,44463.88,11.37,-44121.63,1
128,4,354458.32,228834.56,169745.39,-44121.63,84770.73,121960.43,151,-44121.63,-12.45,-102360.67,1
128,5,346364.33,256673.37,192051.63,-102360.67,98363.59,71525.61,592,-102360.67,-29.55,-126965.4,1
128,6,454150.95,331195.96,249920.39,-126965.4,83245.94,65879.79,270,-126965.4,-27.96,5438.95,0
128,7,369617.08,233676.44,130501.69,5438.95,80453.01,363310.7,590,5438.95,1.47,-124976.45,1
128,8,382889.34,295930.0,211935.79,-124976.45,46706.54,342624.5,169,-124976.45,-32.64,-26114.73,1
128,9,392625.67,229104.98,189635.42,-26114.73,94046.53,359284.63,741,-26114.73,-6.65,-177886.4,1
128,10,438915.31,360205.01,256596.7,-177886.4,30864.43,30637.6,249,-177886.4,-40.53,-110089.11,1
128,11,311845.54,248423.12,173511.53,-110089.11,48856.37,203687.69,140,-110089.11,-35.3,-157949.2,1
129,1,322294.68,141427.06,100834.64,80032.98,35517.16,157118.97,220,80032.98,24.83,30289.19,0
129,2,407757.72,188442.11,189026.42,30289.19,87980.15,224433.2,589,30289.19,7.43,1863.81,0
129,3,389042.41,213626.93,173551.67,1863.81,29362.07,172745.0,175,1863.81,0.48,10683.4,0
129,4,370325.01,183078.63,176562.98,10683.4,30582.21,58902.48,621,10683.4,2.88,21520.68,0
129,5,326698.1,162328.68,142848.74,21520.68,30775.1,48116.21,165,21520.68,6.59,75324.41,0
129,6,385871.75,169817.6,140729.74,75324.41,76558.23,209181.93,194,75324.41,19.52,72762.87,0
129,7,390906.16,171217.39,146925.89,72762.87,70158.58,281126.72,171,72762.87,18.61,44837.78,0
129,8,402932.08,214834.57,143259.73,44837.78,46466.87,307760.81,324,44837.78,11.13,-18554.49,1
129,9,348000.05,214556.19,151998.35,-18554.49,90859.81,296728.64,300,-18554.49,-5.33,69189.97,0
129,10,361465.14,132871.19,159403.98,69189.97,22181.73,72269.76,466,69189.97,19.14,32872.0,0
129,11,400475.7,203687.71,163915.99,32872.0,81965.03,188873.19,403,32872.0,8.21,15000.14,0
130,1,52142.51,32082.29,18298.7,1761.53,7713.54,31796.93,49,1761.53,3.38,-14296.58,1
130,2,62293.07,42722.13,33867.52,-14296.58,5537.7,59926.68,108,-14296.58,-22.95,-32839.83,1
130,3,61414.04,67892.73,26361.14,-32839.83,14949.4,33916.0,26,-32839.83,-53.47,-16689.48,1
130,4,68969.29,46521.94,39136.84,-16689.48,19998.24,25013.77,30,-16689.48,-24.2,-9172.87,1
130,5,61254.62,47875.33,22552.15,-9172.87,4147.16,26352.23,37,-9172.87,-14.97,-53673.34,1
130,6,67264.18,81012.15,39925.37,-53673.34,12867.19,31983.9,60,-53673.34,-79.79,-15233.31,1
130,7,49659.75,40759.74,24133.32,-15233.31,5441.0,42634.75,30,-15233.31,-30.68,-7141.62,1
130,8,64197.38,38863.03,32475.98,-7141.62,10485.03,47513.72,92,-7141.62,-11.12,-8747.47,1
130,9,65394.41,48639.03,25502.85,-8747.47,13902.29,50297.78,32,-8747.47,-13.38,-15648.68,1
130,10,63681.02,44132.87,35196.83,-15648.68,12170.11,60795.4,30,-15648.68,-24.57,-18300.36,1
130,11,76431.32,59796.01,34935.66,-18300.36,20320.09,27277.68,53,-18300.36,-23.94,-9518.66,1
131,1,200165.36,92227.25,73926.69,34011.42,50419.43,20250.53,313,34011.42,16.99,40520.62,0
131,2,191691.31,83980.8,67189.9,40520.62,39976.75,150268.36,166,40520.62,21.14,44499.25,0
131,3,208950.07,87561.55,76889.27,44499.25,13048.42,79961.0,283,44499.25,21.3,66112.23,0
131,4,205553.67,73135.2,66306.24,66112.23,45579.27,66767.59,93,66112.23,32.16,932.15,0
131,5,206519.06,111691.94,93894.97,932.15,46833.16,186033.2,212,932.15,0.45,25782.34,0
131,6,197823.59,82904.71,89136.54,25782.34,51301.96,174827.97,179,25782.34,13.03,34711.89,0
131,7,193308.11,80578.43,78017.8,34711.89,37659.7,115938.54,211,34711.89,17.96,13168.47,0
131,8,204026.78,103875.8,86982.51,13168.47,22044.32,180525.47,93,13168.47,6.45,43825.97,0
131,9,206383.65,76398.36,86159.32,43825.97,50282.81,51313.29,146,43825.97,21.24,27831.03,0
131,10,218718.78,83386.28,107501.47,27831.03,51219.7,154349.04,162,27831.03,12.72,34324.5,0
131,11,189315.46,78529.11,76461.86,34324.5,49152.68,114449.84,144,34324.5,18.13,23281.08,0
132,1,290712.58,152880.94,89495.49,48336.15,62821.2,202650.16,504,48336.15,16.63,38257.76,0
132,2,289966.53,136604.93,115103.84,38257.76,34645.35,259751.65,181,38257.76,13.19,20503.58,0
132,3,307836.08,151709.1,135623.39,20503.58,54661.12,142249.57,182,20503.58,6.66,37200.34,0
132,4,323286.98,128241.18,157845.45,37200.34,41315.47,154271.21,153,37200.34,11.51,47383.81,0
132,5,313798.89,152475.38,113939.7,47383.81,25923.98,243053.51,492,47383.81,15.1,51240.93,0
132,6,305302.17,107624.67,146436.57,51240.93,42118.49,82726.17,176,51240.93,16.78,8805.01,0
132,7,334132.17,182651.08,142676.08,8805.01,57733.11,233342.91,475,8805.01,2.64,3444.72,0
132,8,327339.88,220765.28,103129.89,3444.72,56077.68,260410.53,222,3444.72,1.05,57728.35,0
132,9,310890.32,143027.92,110134.05,57728.35,91494.07,48420.73,336,57728.35,18.57,19778.95,0
132,10,320783.13,142626.24,158377.93,19778.95,88073.35,117736.74,129,19778.95,6.17,31348.81,0
132,11,357221.36,180478.19,145394.36,31348.81,71069.86,124605.52,220,31348.81,8.78,27142.96,0
133,1,498839.35,167347.54,112310.34,219181.47,144755.71,44318.26,760,219181.47,43.94,151094.44,0
133,2,512256.62,196045.05,165117.13,151094.44,146629.0,340194.25,549,151094.44,29.5,186767.88,0
133,3,504704.48,200802.58,117134.02,186767.88,123673.73,187767.19,400,186767.88,37.01,183781.13,0
133,4,515970.29,197712.22,134476.94,183781.13,140503.63,128649.58,209,183781.13,35.62,165645.42,0
133,5,484050.03,152300.57,166104.04,165645.42,61920.07,165740.24,449,165645.42,34.22,175519.79,0
133,6,529723.3,169660.15,184543.35,175519.79,69916.8,239290.11,288,175519.79,33.13,228999.74,0
133,7,469038.35,118131.18,121907.43,228999.74,129803.35,421800.7,192,228999.74,48.82,180014.41,0
133,8,432722.64,165631.4,87076.82,180014.41,29018.13,133695.96,261,180014.41,41.6,268089.81,0
133,9,508612.17,130895.79,109626.56,268089.81,37054.22,111550.2,270,268089.81,52.71,187727.27,0
133,10,515660.13,193179.48,134753.38,187727.27,51568.11,502570.69,429,187727.27,36.41,251871.47,0
133,11,465237.09,116704.47,96661.16,251871.47,128924.59,123070.64,291,251871.47,54.14,163692.65,0
134,1,397733.01,143200.84,167739.03,86793.15,102474.25,154191.94,374,86793.15,21.82,54997.31,0
134,2,320136.33,165887.54,99251.48,54997.31,45619.71,102623.02,137,54997.31,17.18,39640.29,0
134,3,369650.25,195978.8,134031.16,39640.29,64758.59,190400.51,261,39640.29,10.72,65708.88,0
134,4,416585.27,162937.29,187939.11,65708.88,120655.2,124045.77,223,65708.88,15.77,3771.02,0
134,5,367931.79,192889.93,171270.85,3771.02,73597.76,73015.43,234,3771.02,1.02,58438.67,0
134,6,376614.89,149171.28,169004.94,58438.67,57549.33,115002.08,150,58438.67,15.52,45080.04,0
134,7,354864.21,193191.06,116593.11,45080.04,27698.18,210956.67,172,45080.04,12.7,30276.0,0
134,8,373375.09,158062.16,185036.93,30276.0,32712.19,183950.11,200,30276.0,8.11,63690.0,0
134,9,358191.95,167892.22,126609.73,63690.0,106201.4,34601.66,157,63690.0,17.78,74857.78,0
134,10,400044.2,185003.04,140183.38,74857.78,68342.98,146058.43,463,74857.78,18.71,17008.46,0
134,11,382480.16,180867.98,184603.71,17008.46,30707.28,21335.95,252,17008.46,4.45,3945.0,0
135,1,350961.34,128861.93,156522.84,65576.57,102661.85,326488.77,167,65576.57,18.68,29150.82,0
135,2,448380.38,214637.17,204592.39,29150.82,89090.51,170951.66,388,29150.82,6.5,109469.83,0
135,3,409722.98,160788.51,139464.64,109469.83,89909.66,233027.39,314,109469.83,26.72,119580.28,0
135,4,473867.73,206683.8,147603.66,119580.28,117928.49,198354.94,373,119580.28,25.23,96612.81,0
135,5,418486.23,148590.87,173282.54,96612.81,108807.31,252218.13,364,96612.81,23.09,-114049.26,1
135,6,408033.29,342571.87,179510.69,-114049.26,113905.18,136354.03,232,-114049.26,-27.95,60731.25,0
135,7,421153.95,207879.86,152542.83,60731.25,91346.61,303289.14,177,60731.25,14.42,98286.74,0
135,8,464957.25,183643.1,183027.41,98286.74,32557.72,201358.57,372,98286.74,21.14,31077.37,0
135,9,387739.53,163658.02,193004.15,31077.37,26308.24,340742.6,219,31077.37,8.02,39716.26,0
135,10,383586.27,202579.1,141290.91,39716.26,105124.41,118506.86,164,39716.26,10.35,35396.74,0
135,11,381033.48,158575.99,187060.75,35396.74,72892.83,165176.23,294,35396.74,9.29,80321.84,0
136,1,190699.95,119607.6,95615.54,-24523.19,50589.37,97658.31,248,-24523.19,-12.86,-33868.97,1
136,2,188237.23,125049.68,97056.52,-33868.97,41551.69,123393.51,83,-33868.97,-17.99,-51331.69,1
136,3,236495.37,164956.92,122870.14,-51331.69,57888.4,174663.62,382,-51331.69,-21.71,-37278.33,1
136,4,215453.93,170310.93,82421.33,-37278.33,16682.8,35693.04,127,-37278.33,-17.3,-19534.84,1
136,5,200289.28,130302.57,89521.55,-19534.84,55834.48,153975.23,93,-19534.84,-9.75,-264.35,1
136,6,204132.74,119499.67,84897.43,-264.35,58581.86,149220.08,90,-264.35,-0.13,3568.79,0
136,7,178344.67,108996.95,65778.93,3568.79,28465.1,102477.62,110,3568.79,2.0,-26172.8,1
136,8,240269.28,153762.25,112679.84,-26172.8,61309.24,114994.27,140,-26172.8,-10.89,6807.19,0
136,9,199148.05,109641.3,82699.55,6807.19,42281.26,25415.03,258,6807.19,3.42,-34156.23,1
136,10,217782.28,141391.04,110547.47,-34156.23,62102.61,52620.41,194,-34156.23,-15.68,-63645.84,1
136,11,191029.29,160349.04,94326.09,-63645.84,10929.64,21201.52,121,-63645.84,-33.32,-34225.47,1
137,1,80543.55,21165.94,19065.08,40312.53,15765.45,9346.71,135,40312.53,50.05,29355.14,0
137,2,73470.46,19041.22,25074.09,29355.14,19193.06,68181.02,48,29355.14,39.96,23451.03,0
137,3,75462.14,27002.59,25008.53,23451.03,13873.36,70571.73,105,23451.03,31.08,28612.84,0
137,4,72116.43,27357.0,16146.59,28612.84,7543.8,44914.13,44,28612.84,39.68,27875.65,0
137,5,81306.32,28373.63,25057.04,27875.65,22017.05,16967.67,85,27875.65,34.28,35498.06,0
137,6,76382.99,20562.93,20321.99,35498.06,8639.82,30940.13,34,35498.06,46.47,33998.04,0
137,7,82835.88,23368.0,25469.84,33998.04,24588.05,48201.52,43,33998.04,41.04,39598.25,0
137,8,80054.46,21435.4,19020.81,39598.25,11811.45,25611.75,40,39598.25,49.46,40359.19,0
137,9,78697.19,20213.82,18124.17,40359.19,18548.47,39546.11,131,40359.19,51.28,30174.94,0
137,10,75910.4,25922.19,19813.27,30174.94,15948.98,35281.93,110,30174.94,39.75,32025.78,0
137,11,77751.37,20410.25,25315.34,32025.78,7239.61,5419.6,138,32025.78,41.19,27288.01,0
138,1,472485.33,136451.89,127669.85,208363.59,93155.64,438002.04,236,208363.59,44.1,184852.94,0
138,2,509759.45,178397.45,146509.06,184852.94,49263.65,458770.73,511,184852.94,36.26,114392.11,0
138,3,504479.18,261049.17,129037.9,114392.11,47068.37,51300.3,278,114392.11,22.68,180802.17,0
138,4,490708.18,184286.03,125619.97,180802.17,50708.14,176223.56,612,180802.17,36.85,161352.5,0
138,5,469380.55,160524.63,147503.42,161352.5,97118.4,440507.92,427,161352.5,34.38,211403.59,0
138,6,544195.54,165367.2,167424.75,211403.59,51498.98,221672.58,379,211403.59,38.85,139325.58,0
138,7,469129.16,182333.86,147469.73,139325.58,103215.57,423350.85,607,139325.58,29.7,211943.87,0
138,8,491704.79,141392.64,138368.28,211943.87,29041.92,484239.36,348,211943.87,43.1,188749.92,0
138,9,465922.16,128666.04,148506.21,188749.92,71477.67,444862.32,216,188749.92,40.51,179559.75,0
138,10,476616.52,153545.67,143511.11,179559.75,90405.03,50113.38,251,179559.75,37.67,208766.79,0
138,11,486347.89,145198.88,132382.22,208766.79,59255.86,298064.18,443,208766.79,42.93,278876.87,0
139,1,243327.25,83140.58,82728.54,77458.13,58676.16,17599.2,194,77458.13,31.83,124752.32,0
139,2,259621.35,69218.24,65650.79,124752.32,37210.55,115959.01,235,124752.32,48.05,122366.03,0
139,3,265401.97,82298.31,60737.63,122366.03,69933.47,157398.69,188,122366.03,46.11,119855.71,0
139,4,260501.87,70972.56,69673.59,119855.71,74449.03,231811.91,390,119855.71,46.01,85039.23,0
139,5,238301.09,74258.57,79003.29,85039.23,31826.02,58978.07,113,85039.23,35.69,99903.76,0
139,6,258742.64,88924.08,69914.8,99903.76,34558.08,248871.93,167,99903.76,38.61,100972.61,0
139,7,264232.55,96933.26,66326.69,100972.61,51851.42,180191.78,137,100972.61,38.21,-28447.98,1
139,8,226715.33,197197.61,57965.7,-28447.98,35991.74,145572.7,123,-28447.98,-12.55,75825.31,0
139,9,239827.7,87122.56,76879.84,75825.31,41284.01,37950.64,359,75825.31,31.62,117804.06,0
139,10,260375.94,78356.16,64215.72,117804.06,64027.93,176255.79,169,117804.06,45.24,85214.4,0
139,11,247119.7,80084.04,81821.26,85214.4,13033.46,220426.07,236,85214.4,34.48,106019.16,0
140,1,296727.21,121207.3,112891.22,62628.69,32931.72,251299.38,237,62628.69,21.11,13120.66,0
140,2,237805.44,108542.49,116142.3,13120.66,50272.32,172653.25,101,13120.66,5.52,78539.39,0
140,3,293550.13,126249.68,88761.07,78539.39,38527.86,172240.53,129,78539.39,26.76,-50565.57,1
140,4,247069.34,196171.75,101463.16,-50565.57,35004.08,158280.36,392,-50565.57,-20.47,14862.84,0
140,5,300270.92,147459.01,137949.08,14862.84,30521.72,46529.87,139,14862.84,4.95,26916.34,0
140,6,280709.53,137295.28,116497.91,26916.34,56376.65,22388.18,380,26916.34,9.59,80454.25,0
140,7,266493.86,99698.79,86340.82,80454.25,51281.37,148451.7,189,80454.25,30.19,34287.98,0
140,8,236907.82,129187.87,73431.96,34287.98,50195.3,42536.18,141,34287.98,14.47,-4565.15,1
140,9,289153.75,152290.72,141428.19,-4565.15,77214.78,49918.38,163,-4565.15,-1.58,48765.58,0
140,10,280562.39,138602.21,93194.61,48765.58,17707.73,92193.58,119,48765.58,17.38,80500.74,0
140,11,305437.91,111587.0,113350.17,80500.74,24294.19,105417.34,148,80500.74,26.36,20586.9,0
141,1,286916.34,254129.6,101652.52,-68865.78,15069.59,202189.77,116,-68865.78,-24.0,-47086.48,1
141,2,296462.35,227859.07,115689.76,-47086.48,62057.34,223072.21,343,-47086.48,-15.88,-78750.05,1
141,3,304148.58,235381.58,147517.06,-78750.05,59470.28,265682.88,126,-78750.05,-25.89,-130387.2,1
141,4,312787.66,290773.87,152400.99,-130387.2,30184.67,91340.52,281,-130387.2,-41.69,3633.65,0
141,5,267154.94,167187.77,96333.53,3633.65,43021.58,174376.83,123,3633.65,1.36,-62938.84,1
141,6,241850.2,181377.75,123411.29,-62938.84,37849.61,160221.16,283,-62938.84,-26.02,-84860.52,1
141,7,311313.54,215017.73,181156.33,-84860.52,60645.44,28066.64,186,-84860.52,-27.26,-15056.14,1
141,8,301777.65,208761.07,108072.71,-15056.14,75184.02,97717.62,339,-15056.14,-4.99,-70697.22,1
141,9,298413.26,219159.19,149951.28,-70697.22,65236.2,129375.98,134,-70697.22,-23.69,-53430.08,1
141,10,307232.83,211329.57,149333.34,-53430.08,78111.52,206117.19,141,-53430.08,-17.39,-35513.66,1
141,11,299207.7,193795.22,140926.13,-35513.66,15267.18,112438.77,122,-35513.66,-11.87,-46308.84,1
142,1,429780.94,187268.26,199779.62,42733.05,61780.17,252402.73,197,42733.05,9.94,77878.0,0
142,2,418869.05,148128.82,192862.23,77878.0,24301.16,39081.29,352,77878.0,18.59,39404.36,0
142,3,433596.12,214951.87,179239.9,39404.36,92660.72,303782.54,183,39404.36,9.09,73613.67,0
142,4,404085.74,153293.71,177178.35,73613.67,70873.02,159092.47,480,73613.67,18.22,-1924.16,1
142,5,424932.76,227329.04,199527.88,-1924.16,82215.39,32216.42,413,-1924.16,-0.45,34055.83,0
142,6,470623.33,231572.36,204995.14,34055.83,118668.62,128971.62,330,34055.83,7.24,7117.37,0
142,7,360738.95,195135.68,158485.9,7117.37,64077.62,72628.04,289,7117.37,1.97,12893.86,0
142,8,422316.1,204635.24,204787.01,12893.86,52830.67,195219.33,634,12893.86,3.05,82699.25,0
142,9,432639.0,197302.37,152637.38,82699.25,97709.43,144570.79,214,82699.25,19.12,80310.04,0
142,10,401492.51,157032.14,164150.32,80310.04,73975.91,366387.84,650,80310.04,20.0,24885.77,0
142,11,485595.26,234091.23,226618.26,24885.77,120219.15,157515.4,380,24885.77,5.12,57806.42,0
143,1,259756.99,74120.71,88388.63,97247.65,75258.39,219672.49,211,97247.65,37.44,111468.66,0
143,2,245647.65,64090.11,70088.88,111468.66,64481.02,244712.1,162,111468.66,45.38,110055.53,0
143,3,232718.35,58347.14,64315.69,110055.53,59630.5,123189.02,99,110055.53,47.29,78869.51,0
143,4,239189.1,82331.88,77987.71,78869.51,63106.23,165372.16,284,78869.51,32.97,98787.27,0
143,5,244997.72,72769.54,73440.91,98787.27,34322.84,111610.42,99,98787.27,40.32,71329.22,0
143,6,239494.9,88035.33,80130.35,71329.22,25989.76,105681.98,123,71329.22,29.78,115561.71,0
143,7,241683.82,62111.63,64010.48,115561.71,13574.39,167138.22,102,115561.71,47.82,98098.63,0
143,8,239022.67,68250.34,72673.7,98098.63,69452.7,65296.87,341,98098.63,41.04,85308.37,0
143,9,250906.46,90041.25,75556.84,85308.37,23194.86,150976.2,170,85308.37,34.0,88384.3,0
143,10,236024.51,84809.54,62830.67,88384.3,29118.26,59217.79,228,88384.3,37.45,125152.62,0
143,11,242284.43,61900.15,55231.66,125152.62,31828.24,165922.48,125,125152.62,51.66,-24314.2,1
144,1,197761.85,158750.06,115310.27,-76298.48,54457.26,42662.02,164,-76298.48,-38.58,-31385.35,1
144,2,180142.86,128334.11,83194.1,-31385.35,41417.32,12794.15,110,-31385.35,-17.42,-152948.0,1
144,3,195182.89,239618.45,108512.44,-152948.0,54240.33,80117.33,89,-152948.0,-78.36,-39869.23,1
144,4,237204.22,160244.25,116829.2,-39869.23,64196.32,64730.93,231,-39869.23,-16.81,1431.92,0
144,5,184124.84,117327.02,65365.9,1431.92,43612.8,29377.69,192,1431.92,0.78,-428.72,1
144,6,214711.77,116726.66,98413.83,-428.72,50033.12,150130.59,202,-428.72,-0.2,-22447.99,1
144,7,214041.73,143963.8,92525.91,-22447.99,45568.36,179933.9,150,-22447.99,-10.49,-39126.76,1
144,8,207406.17,140139.51,106393.42,-39126.76,56701.22,195365.73,100,-39126.76,-18.86,-3227.64,1
144,9,197965.07,112885.43,88307.28,-3227.64,58606.35,164870.82,122,-3227.64,-1.63,-5947.34,1
144,10,213515.47,134179.51,85283.3,-5947.34,34539.41,200140.19,96,-5947.34,-2.79,-41215.83,1
144,11,179143.5,131174.61,89184.72,-41215.83,27143.66,157556.96,317,-41215.83,-23.01,-160756.75,1
145,1,482947.23,255898.23,238568.74,-11519.74,116396.99,62598.66,587,-11519.74,-2.39,42006.27,0
145,2,358764.44,178177.12,138581.05,42006.27,45617.59,224941.2,412,42006.27,11.71,100238.41,0
145,3,369660.74,134100.05,135322.28,100238.41,100639.36,37781.46,433,100238.41,27.12,-24472.89,1
145,4,420980.32,278655.14,166798.06,-24472.89,125038.3,284537.63,342,-24472.89,-5.81,52839.66,0
145,5,349430.9,146402.72,150188.51,52839.66,33556.72,296437.4,470,52839.66,15.12,119636.19,0
145,6,399364.38,156949.58,122778.61,119636.19,111552.77,194277.52,609,119636.19,29.96,16180.4,0
145,7,425241.56,207517.13,201544.03,16180.4,58098.1,334103.2,414,16180.4,3.8,102742.25,0
145,8,391100.44,162587.66,125770.53,102742.25,48007.91,212989.91,304,102742.25,26.27,9357.41,0
145,9,403204.4,203904.16,189942.83,9357.41,58280.35,306579.9,173,9357.41,2.32,63906.64,0
145,10,416090.3,208455.56,143728.11,63906.64,61121.76,248579.81,192,63906.64,15.36,22144.52,0
145,11,425046.0,199445.42,203456.06,22144.52,65954.62,357549.09,789,22144.52,5.21,50019.46,0
146,1,306960.44,97258.3,63786.08,145916.07,55799.57,151132.07,122,145916.07,47.54,136829.59,0
146,2,315540.6,97285.8,81425.21,136829.59,30789.12,278461.17,191,136829.59,43.36,132662.41,0
146,3,333770.84,85161.57,115946.86,132662.41,65055.23,51978.43,358,132662.41,39.75,149049.14,0
146,4,315828.93,92195.29,74584.51,149049.14,90371.32,149059.87,173,149049.14,47.19,163215.01,0
146,5,337028.0,85966.81,87846.18,163215.01,85509.65,313761.6,176,163215.01,48.43,14336.67,0
146,6,331112.02,225438.15,91337.21,14336.67,62439.05,226313.23,140,14336.67,4.33,120470.44,0
146,7,307327.2,85993.38,100863.38,120470.44,27783.11,75689.0,202,120470.44,39.2,134175.99,0
146,8,343464.92,92264.33,117024.59,134175.99,100789.94,29939.34,143,134175.99,39.07,36212.71,0
146,9,344232.76,194029.24,113990.81,36212.71,102508.36,155321.78,451,36212.71,10.52,87719.2,0
146,10,341339.98,134963.85,118656.93,87719.2,90865.03,143670.73,270,87719.2,25.7,101642.36,0
146,11,328500.63,125813.57,101044.69,101642.36,93670.44,297259.69,274,101642.36,30.94,142902.83,0
147,1,489131.86,177444.89,181606.62,130080.35,92460.05,212489.96,360,130080.35,26.59,96541.77,0
147,2,452250.71,178799.09,176909.86,96541.77,118767.02,85010.12,808,96541.77,21.35,42254.55,0
147,3,489687.28,224065.02,223367.72,42254.55,83480.37,475109.18,265,42254.55,8.63,151473.97,0
147,4,517672.75,197103.39,169095.4,151473.97,125110.07,171146.83,953,151473.97,29.26,-4665.2,1
147,5,470521.3,251295.06,223891.44,-4665.2,71860.35,271612.48,476,-4665.2,-0.99,65085.07,0
147,6,428986.62,154622.65,209278.91,65085.07,42727.15,213994.53,289,65085.07,15.17,120384.12,0
147,7,547914.27,216800.74,210729.41,120384.12,149113.84,197121.46,714,120384.12,21.97,46056.18,0
147,8,448011.93,200644.13,201311.61,46056.18,69966.41,29970.15,789,46056.18,10.28,24969.66,0
147,9,412396.69,214042.73,173384.29,24969.66,62677.63,215429.1,709,24969.66,6.05,-13586.85,1
147,10,481473.52,254487.0,240573.36,-13586.85,38563.98,89745.99,264,-13586.85,-2.82,57596.12,0
147,11,525048.41,262715.99,204736.29,57596.12,116598.11,282003.32,361,57596.12,10.97,55302.15,0
148,1,410912.79,192420.0,168206.08,50286.71,94854.96,169544.21,361,50286.71,12.24,60584.25,0
148,2,447399.94,232901.61,153914.08,60584.25,24115.69,111871.86,291,60584.25,13.54,68502.76,0
148,3,367076.71,133782.88,164791.07,68502.76,109924.46,332214.74,156,68502.76,18.66,29140.29,0
148,4,433257.0,220805.43,183311.28,29140.29,89068.25,44693.95,190,29140.29,6.73,114168.26,0
148,5,490620.88,176843.67,199608.95,114168.26,59483.89,206145.71,978,114168.26,23.27,66638.79,0
148,6,418179.55,185392.45,166148.31,66638.79,67800.04,165339.19,167,66638.79,15.94,34718.11,0
148,7,390193.85,175270.07,180205.67,34718.11,57471.7,299699.97,604,34718.11,8.9,46638.98,0
148,8,512935.5,268282.62,198013.9,46638.98,122780.88,155290.88,224,46638.98,9.09,68870.8,0
148,9,424115.76,227914.5,127330.46,68870.8,54185.59,146710.4,443,68870.8,16.24,106960.84,0
148,10,438543.27,181295.01,150287.43,106960.84,120492.37,64510.04,558,106960.84,24.39,88672.75,0
148,11,414335.84,159044.61,166618.48,88672.75,43418.41,304418.59,235,88672.75,21.4,66685.3,0
149,1,347489.59,253640.66,145272.15,-51423.22,74172.06,48712.97,305,-51423.22,-14.8,-141253.71,1
149,2,374358.96,321093.25,194519.41,-141253.71,26091.14,117195.55,375,-141253.71,-37.73,-66557.14,1
149,3,334850.82,256743.75,144664.22,-66557.14,55637.73,21087.21,228,-66557.14,-19.88,-76814.44,1
149,4,338420.53,214067.36,201167.61,-76814.44,24246.76,207391.94,167,-76814.44,-22.7,-136233.76,1
149,5,372158.86,306659.47,201733.16,-136233.76,105849.62,161980.32,227,-136233.76,-36.61,-210755.57,1
149,6,310932.47,358670.83,163017.22,-210755.57,37391.8,93031.01,329,-210755.57,-67.78,-84455.33,1
149,7,342785.84,247841.99,179399.18,-84455.33,71030.42,265337.68,152,-84455.33,-24.64,-144965.66,1
149,8,370317.31,296343.69,218939.28,-144965.66,93367.48,333261.23,707,-144965.66,-39.15,-50660.47,1
149,9,359963.11,273189.29,137434.28,-50660.47,44244.75,60147.26,170,-50660.47,-14.07,16537.5,0
149,10,381035.47,201366.64,163131.33,16537.5,43271.57,112804.99,258,16537.5,4.34,-33507.44,1
149,11,329363.98,227241.42,135630.01,-33507.44,65789.64,92045.93,222,-33507.44,-10.17,19619.75,0
150,1,121626.4,30919.29,42197.32,48509.8,17579.31,9030.47,62,48509.8,39.88,53190.37,0
150,2,130818.67,49011.45,28616.85,53190.37,33431.5,121113.5,62,53190.37,40.66,54062.46,0
150,3,124044.95,42190.96,27791.53,54062.46,14974.89,66244.67,81,54062.46,43.58,37269.67,0
150,4,118352.36,44044.14,37038.55,37269.67,30561.59,34462.27,101,37269.67,31.49,50703.59,0
150,5,124345.71,47945.88,25696.24,50703.59,23910.9,67389.08,68,50703.59,40.78,55192.23,0
150,6,126436.38,41613.76,29630.39,55192.23,34999.08,38028.07,119,55192.23,43.65,44866.33,0
150,7,119913.96,39102.86,35944.78,44866.33,27324.02,22814.13,84,44866.33,37.42,67617.17,0
150,8,124860.35,31937.77,25305.41,67617.17,14139.2,87301.45,64,67617.17,54.15,62342.51,0
150,9,128008.12,32928.38,32737.24,62342.51,18757.43,25866.84,184,62342.51,48.7,46864.58,0
150,10,128821.34,42272.42,39684.34,46864.58,20963.88,70357.71,84,46864.58,36.38,44491.28,0
150,11,124910.43,44528.62,35890.53,44491.28,7777.51,19123.96,80,44491.28,35.62,49058.14,0
151,1,169437.55,123217.13,34877.03,11343.39,33525.33,66111.32,74,11343.39,6.69,62309.43,0
151,2,158781.62,41367.29,55104.89,62309.43,15221.77,110371.59,78,62309.43,39.24,39300.69,0
151,3,176790.29,94737.18,42752.43,39300.69,19390.75,162956.72,269,39300.69,22.23,67490.45,0
151,4,166221.21,52212.12,46518.63,67490.45,49770.63,127278.69,68,67490.45,40.6,64493.95,0
151,5,164222.74,50956.35,48772.45,64493.95,19435.1,98292.13,69,64493.95,39.27,72900.87,0
151,6,169786.45,43337.53,53548.04,72900.87,49405.88,158610.36,83,72900.87,42.94,55198.38,0
151,7,156187.12,51820.6,49168.14,55198.38,38645.07,36782.63,91,55198.38,35.34,84176.52,0
151,8,168760.39,50598.76,33985.11,84176.52,13214.81,143544.75,165,84176.52,49.88,85126.64,0
151,9,162779.86,43205.24,34447.98,85126.64,15844.49,64001.89,73,85126.64,52.3,57589.14,0
151,10,165013.94,51756.74,55668.06,57589.14,24704.1,125884.1,255,57589.14,34.9,60932.04,0
151,11,170012.89,54921.15,54159.7,60932.04,25007.49,104828.17,113,60932.04,35.84,45155.18,0
152,1,61442.69,26943.49,26921.82,7577.38,5787.29,37631.26,38,7577.38,12.33,8783.54,0
152,2,59134.79,26538.58,23812.67,8783.54,9808.65,36981.16,39,8783.54,14.85,13556.65,0
152,3,54741.02,21247.99,19936.38,13556.65,10865.24,47634.43,66,13556.65,24.77,15058.23,0
152,4,58561.59,20673.27,22830.09,15058.23,11008.13,49283.13,27,15058.23,25.71,4775.87,0
152,5,60041.15,29088.81,26176.47,4775.87,7960.63,34298.09,66,4775.87,7.95,12770.07,0
152,6,54687.71,19362.84,22554.79,12770.07,11713.17,10355.97,25,12770.07,23.35,7535.24,0
152,7,68068.33,36029.67,24503.41,7535.24,10988.81,19205.4,43,7535.24,11.07,5997.31,0
152,8,49137.96,19903.41,23237.24,5997.31,2459.85,40057.27,42,5997.31,12.21,7300.23,0
152,9,53862.16,25641.22,20920.72,7300.23,4669.59,52335.5,27,7300.23,13.55,7954.74,0
152,10,51279.66,20513.99,22810.94,7954.74,3963.78,11244.94,88,7954.74,15.51,15616.44,0
152,11,59745.82,24695.92,19433.46,15616.44,10832.83,42828.85,24,15616.44,26.14,11839.19,0
153,1,402365.37,111814.45,98743.11,191807.81,62570.19,60646.85,169,191807.81,47.67,32619.74,0
153,2,359620.78,214633.42,112367.62,32619.74,33751.43,66185.65,478,32619.74,9.07,154344.62,0
153,3,402901.28,108786.44,139770.22,154344.62,66362.0,102923.58,270,154344.62,38.31,118711.79,0
153,4,331197.33,120357.93,92127.6,118711.79,37126.94,255349.06,449,118711.79,35.84,178821.92,0
153,5,366137.4,105702.54,81612.94,178821.92,85301.25,213414.49,385,178821.92,48.84,149471.61,0
153,6,378082.75,123456.88,105154.26,149471.61,24583.43,368349.72,264,149471.61,39.53,145840.07,0
153,7,377297.35,137880.46,93576.82,145840.07,97379.06,258224.21,205,145840.07,38.65,130741.2,0
153,8,380159.45,134965.71,114452.54,130741.2,83903.82,343107.83,326,130741.2,34.39,150657.98,0
153,9,368633.98,99159.95,118816.05,150657.98,90108.73,360444.75,395,150657.98,40.87,170572.97,0
153,10,378399.82,102591.76,105235.1,170572.97,22688.77,376805.77,222,170572.97,45.08,141660.96,0
153,11,384486.23,122537.13,120288.14,141660.96,41623.81,358845.24,172,141660.96,36.84,204698.47,0
154,1,420431.96,140740.72,113614.99,166076.25,101607.66,345319.74,197,166076.25,39.5,162888.75,0
154,2,423208.33,146602.57,113717.01,162888.75,119133.93,30731.59,701,162888.75,38.49,207732.46,0
154,3,399432.87,106994.09,84706.32,207732.46,44925.53,205345.42,209,207732.46,52.01,142340.61,0
154,4,423867.15,168682.08,112844.46,142340.61,76488.49,238409.43,276,142340.61,33.58,106859.12,0
154,5,386467.88,148483.71,131125.05,106859.12,110054.58,119145.69,254,106859.12,27.65,168324.0,0
154,6,417936.38,115483.45,134128.93,168324.0,109842.96,192960.64,207,168324.0,40.28,152947.36,0
154,7,396155.12,158197.57,85010.19,152947.36,67344.69,331103.55,185,152947.36,38.61,160114.4,0
154,8,435183.72,168589.65,106479.67,160114.4,38259.93,55647.09,319,160114.4,36.79,127407.03,0
154,9,402990.43,150876.8,124706.6,127407.03,115747.07,43419.04,175,127407.03,31.62,184759.18,0
154,10,430361.81,127243.58,118359.06,184759.18,40005.85,167944.19,485,184759.18,42.93,140647.96,0
154,11,394018.58,127406.94,125963.68,140647.96,107685.93,257970.77,209,140647.96,35.7,150915.17,0
155,1,461664.46,161996.37,184779.6,114888.49,41019.02,308069.24,690,114888.49,24.89,99887.25,0
155,2,456992.03,176520.1,180584.68,99887.25,39514.86,103262.91,502,99887.25,21.86,57358.79,0
155,3,409085.41,175509.84,176216.79,57358.79,99814.17,299984.41,543,57358.79,14.02,-32765.42,1
155,4,410294.07,247928.43,195131.06,-32765.42,22784.99,265427.25,246,-32765.42,-7.99,97088.18,0
155,5,373203.34,152778.4,123336.76,97088.18,31002.35,59118.77,380,97088.18,26.01,37816.67,0
155,6,392490.72,161444.67,193229.38,37816.67,116530.08,158504.87,277,37816.67,9.64,53063.86,0
155,7,400932.19,151806.13,196062.19,53063.86,24548.03,77311.18,297,53063.86,13.24,99997.96,0
155,8,416732.44,161386.6,155347.89,99997.96,68397.44,128399.39,346,99997.96,24.0,37732.63,0
155,9,430826.98,235512.23,157582.13,37732.63,112359.58,411205.18,207,37732.63,8.76,-118421.6,1
155,10,405434.77,332768.12,191088.26,-118421.6,120541.46,316693.27,167,-118421.6,-29.21,25526.68,0
155,11,451051.89,221604.47,203920.74,25526.68,126772.39,376081.19,206,25526.68,5.66,-145916.43,1
156,1,305263.87,154189.94,140960.05,10113.87,16065.12,236149.83,428,10113.87,3.31,53707.49,0
156,2,261349.35,97581.12,110060.73,53707.49,28914.35,173410.61,236,53707.49,20.55,73456.51,0
156,3,286851.73,112301.15,101094.07,73456.51,23094.69,35798.15,154,73456.51,25.61,37266.33,0
156,4,302187.61,130373.71,134547.57,37266.33,61182.83,142373.11,490,37266.33,12.33,15269.51,0
156,5,262974.77,135575.05,112130.21,15269.51,21923.48,84963.01,176,15269.51,5.81,-33176.36,1
156,6,284212.28,221709.66,95678.97,-33176.36,48520.11,64007.97,191,-33176.36,-11.67,-25971.18,1
156,7,269252.22,180604.47,114618.94,-25971.18,42592.39,104599.61,209,-25971.18,-9.65,2824.74,0
156,8,235757.61,120413.7,112519.17,2824.74,61084.27,114542.92,225,2824.74,1.2,53109.28,0
156,9,282407.22,134914.05,94383.89,53109.28,51681.47,124370.66,165,53109.28,18.81,54755.17,0
156,10,255325.26,121787.78,78782.31,54755.17,35995.73,27693.99,115,54755.17,21.45,46015.74,0
156,11,290526.92,155276.51,89234.68,46015.74,63241.19,28211.83,182,46015.74,15.84,-101718.86,1
157,1,186591.39,74260.02,62838.28,49493.09,14241.25,51773.16,213,49493.09,26.52,84122.64,0
157,2,182338.93,55306.91,42909.38,84122.64,37230.42,64323.25,98,84122.64,46.14,60608.61,0
157,3,186767.06,67749.47,58408.98,60608.61,10036.77,19105.44,175,60608.61,32.45,58939.99,0
157,4,189782.46,67075.1,63767.38,58939.99,10715.53,187995.26,165,58939.99,31.06,88201.25,0
157,5,182304.82,47296.2,46807.37,88201.25,19179.6,35779.05,78,88201.25,48.38,76893.24,0
157,6,188756.58,73756.74,38106.6,76893.24,24029.08,76629.35,131,76893.24,40.74,74786.75,0
157,7,190390.86,64229.17,51374.94,74786.75,43723.34,89167.89,242,74786.75,39.28,54446.16,0
157,8,161102.07,55756.76,50899.15,54446.16,31739.31,43165.91,89,54446.16,33.8,78270.45,0
157,9,190803.46,66410.67,46122.34,78270.45,49922.83,70347.47,123,78270.45,41.02,61380.86,0
157,10,183297.53,64511.66,57405.01,61380.86,35062.63,168008.67,75,61380.86,33.49,76761.33,0
157,11,170616.74,56770.69,37084.72,76761.33,28083.73,146081.44,84,76761.33,44.99,83030.4,0
158,1,86292.01,26001.01,21598.31,38692.69,15572.11,15848.45,91,38692.69,44.84,38685.68,0
158,2,82076.35,26452.52,16938.15,38685.68,12700.1,64870.64,67,38685.68,47.13,22798.59,0
158,3,78424.53,28239.07,27386.87,22798.59,14816.42,40036.06,36,22798.59,29.07,21515.75,0
158,4,82365.46,32155.16,28694.56,21515.75,24522.62,16319.06,81,21515.75,26.12,24762.83,0
158,5,80694.68,29468.94,26462.91,24762.83,16765.65,43435.38,42,24762.83,30.69,29188.67,0
158,6,79929.83,24668.34,26072.81,29188.67,17940.34,44691.9,35,29188.67,36.52,28396.24,0
158,7,79001.06,28965.45,21639.36,28396.24,10791.53,31668.65,34,28396.24,35.94,30671.84,0
158,8,76122.81,24333.08,21117.89,30671.84,9071.36,51242.16,102,30671.84,40.29,34551.08,0
158,9,82799.75,23069.02,25179.65,34551.08,7959.85,25630.11,62,34551.08,41.73,29066.3,0
158,10,83211.78,29530.73,24614.75,29066.3,20145.79,64076.47,47,29066.3,34.93,25755.62,0
158,11,79107.84,30234.02,23118.2,25755.62,14759.13,20371.56,49,25755.62,32.56,33535.36,0
159,1,50173.04,30260.33,24279.13,-4366.42,4338.58,28868.86,27,-4366.42,-8.7,-10292.5,1
159,2,50569.13,36859.68,24001.94,-10292.5,12537.77,10731.62,88,-10292.5,-20.35,-33739.52,1
159,3,50879.06,55712.66,28905.93,-33739.52,3946.09,40698.7,60,-33739.52,-66.31,-12029.36,1
159,4,44583.87,32523.77,24089.46,-12029.36,11473.66,10310.14,21,-12029.36,-26.98,-681.03,1
159,5,42527.59,26922.98,16285.63,-681.03,8973.3,42305.59,81,-681.03,-1.6,-13502.74,1
159,6,50804.6,39239.51,25067.84,-13502.74,9445.86,25304.26,48,-13502.74,-26.58,-2219.61,1
159,7,47361.82,26486.71,23094.72,-2219.61,3958.23,44330.59,20,-2219.61,-4.69,-17140.5,1
159,8,44899.27,42469.92,19569.84,-17140.5,5063.65,41295.69,20,-17140.5,-38.18,-23682.44,1
159,9,51350.96,45090.3,29943.1,-23682.44,4628.75,35581.07,32,-23682.44,-46.12,-203.15,1
159,10,61148.99,39002.57,22349.57,-203.15,8519.14,54819.95,36,-203.15,-0.33,-2570.07,1
159,11,46410.94,27704.76,21276.25,-2570.07,3545.6,46031.85,46,-2570.07,-5.54,-6121.68,1
160,1,455906.0,115165.64,118889.94,221850.41,63046.6,221475.66,185,221850.41,48.66,224055.12,0
160,2,439054.18,122890.64,92108.42,224055.12,117278.54,218857.07,287,224055.12,51.03,226447.01,0
160,3,446030.81,129247.4,90336.41,226447.01,118076.88,401892.91,184,226447.01,50.77,149116.41,0
160,4,450422.5,172031.89,129274.2,149116.41,109773.58,339091.82,285,149116.41,33.11,138385.08,0
160,5,390378.83,134460.18,117533.58,138385.08,101199.74,127044.98,446,138385.08,35.45,159628.84,0
160,6,420678.12,130814.06,130235.22,159628.84,106145.64,396838.7,538,159628.84,37.95,167195.04,0
160,7,437400.37,128396.53,141808.81,167195.04,128019.23,127743.97,297,167195.04,38.22,184060.64,0
160,8,419332.31,136361.03,98910.65,184060.64,67437.65,198925.16,342,184060.64,43.89,217593.8,0
160,9,435610.27,130808.18,87208.3,217593.8,52123.85,184601.07,570,217593.8,49.95,158182.76,0
160,10,427542.51,139444.09,129915.65,158182.76,107286.98,204967.24,277,158182.76,37.0,162768.81,0
160,11,428824.51,152335.58,113720.12,162768.81,102939.93,92666.86,364,162768.81,37.96,214083.64,0
161,1,198600.93,98501.06,89341.63,10758.24,33182.46,172531.92,131,10758.24,5.42,16902.15,0
161,2,176574.04,85936.92,73734.98,16902.15,21390.22,105362.0,236,16902.15,9.57,40851.99,0
161,3,198046.88,71013.17,86181.72,40851.99,16046.59,88905.65,222,40851.99,20.63,37072.22,0
161,4,195096.09,84498.44,73525.44,37072.22,47516.41,122262.28,357,37072.22,19.0,33116.94,0
161,5,184604.18,65873.99,85613.25,33116.94,35961.87,91065.73,137,33116.94,17.94,-75280.54,1
161,6,188480.95,190730.35,73031.14,-75280.54,52799.89,131976.45,131,-75280.54,-39.94,43131.49,0
161,7,163481.35,57471.23,62878.64,43131.49,14734.39,20118.85,179,43131.49,26.38,8286.03,0
161,8,183653.72,90559.07,84808.62,8286.03,32440.31,14880.04,287,8286.03,4.51,15090.73,0
161,9,186100.41,92661.3,78348.38,15090.73,14810.06,147342.13,151,15090.73,8.11,15740.72,0
161,10,157103.35,78113.48,63249.14,15740.72,43489.72,145317.15,100,15740.72,10.02,11107.89,0
161,11,155886.68,83736.08,61042.7,11107.89,24657.57,26609.95,103,11107.89,7.13,-57227.96,1
162,1,494496.12,317941.03,129940.53,46614.55,107984.33,222959.92,220,46614.55,9.43,215623.31,0
162,2,449015.74,134652.84,98739.6,215623.31,98104.09,125602.5,285,215623.31,48.02,199406.98,0
162,3,458257.46,156311.54,102538.95,199406.98,121731.15,315245.32,209,199406.98,43.51,167402.01,0
162,4,441475.68,126950.7,147122.97,167402.01,102523.21,167413.77,194,167402.01,37.92,220792.51,0
162,5,465800.63,141671.27,103336.85,220792.51,76305.64,259328.45,306,220792.51,47.4,154810.47,0
162,6,452879.42,150314.39,147754.57,154810.47,58427.25,404954.84,279,154810.47,34.18,188308.66,0
162,7,429985.53,142904.05,98772.82,188308.66,128691.78,252721.93,730,188308.66,43.79,185486.75,0
162,8,499878.94,184687.95,129704.25,185486.75,132782.82,119008.48,213,185486.75,37.11,205932.49,0
162,9,479518.75,159223.9,114362.35,205932.49,138810.19,374578.53,280,205932.49,42.95,66281.88,0
162,10,436158.18,265286.01,104590.3,66281.88,99300.99,365814.92,246,66281.88,15.2,210525.26,0
162,11,450641.38,137735.47,102380.65,210525.26,34203.36,254990.46,399,210525.26,46.72,188480.54,0
163,1,489639.65,355623.49,229132.13,-95115.98,89929.61,33875.81,599,-95115.98,-19.43,-125610.74,1
163,2,453376.73,339040.45,239947.02,-125610.74,73152.95,175610.95,304,-125610.74,-27.71,-73754.52,1
163,3,448792.97,265578.83,256968.67,-73754.52,38151.8,308403.15,461,-73754.52,-16.43,-117362.64,1
163,4,454056.59,410585.25,160833.98,-117362.64,34056.3,321160.82,813,-117362.64,-25.85,-136967.8,1
163,5,387583.27,298484.01,226067.06,-136967.8,22092.76,362467.53,250,-136967.8,-35.34,18853.38,0
163,6,448443.81,234237.09,195353.33,18853.38,97528.27,222605.45,353,18853.38,4.2,-40671.92,1
163,7,418450.54,228190.2,230932.26,-40671.92,56777.5,110755.27,235,-40671.92,-9.72,-62981.57,1
163,8,411067.29,289053.63,184995.23,-62981.57,51741.47,238874.58,223,-62981.57,-15.32,2117.07,0
163,9,431921.94,258504.04,171300.83,2117.07,116921.88,50295.93,322,2117.07,0.49,-60792.14,1
163,10,412614.64,313820.85,159585.92,-60792.14,113813.66,23957.11,442,-60792.14,-14.73,-81031.03,1
163,11,456675.01,371341.65,166364.38,-81031.03,26906.65,245620.81,265,-81031.03,-17.74,-29736.75,1
164,1,57749.44,41770.38,29772.91,-13793.85,16368.27,46227.42,79,-13793.85,-23.89,-7404.88,1
164,2,60291.42,32688.95,35007.35,-7404.88,6432.47,5029.88,97,-7404.88,-12.28,-11752.01,1
164,3,54158.31,38191.36,27718.96,-11752.01,9342.88,24843.34,41,-11752.01,-21.7,-17235.93,1
164,4,57080.25,40526.28,33789.91,-17235.93,13326.24,20763.17,75,-17235.93,-30.2,-15039.43,1
164,5,68438.36,44653.15,38824.64,-15039.43,20501.46,34790.53,32,-15039.43,-21.98,-16947.23,1
164,6,57336.75,40937.37,33346.62,-16947.23,13871.88,33511.69,35,-16947.23,-29.56,-18077.51,1
164,7,55133.01,50093.51,23117.02,-18077.51,13354.15,40403.69,93,-18077.51,-32.79,-4775.04,1
164,8,53454.46,32030.73,26198.77,-4775.04,13163.02,47948.74,32,-4775.04,-8.93,8043.18,0
164,9,65522.07,34389.14,23089.75,8043.18,7012.13,13069.74,37,8043.18,12.28,-10875.35,1
164,10,48297.28,40122.33,19050.3,-10875.35,13695.13,15801.3,21,-10875.35,-22.52,-281.17,1
164,11,63699.29,37023.09,26957.37,-281.17,16480.05,41855.59,48,-281.17,-0.44,-19331.56,1
165,1,413966.16,132286.93,89222.76,192456.47,59589.9,247872.63,300,192456.47,46.49,160898.05,0
165,2,403963.53,102041.95,141023.53,160898.05,68030.56,386547.25,497,160898.05,39.83,160278.04,0
165,3,409927.4,118520.12,131129.24,160278.04,23897.5,221837.95,458,160278.04,39.1,132611.31,0
165,4,389869.17,141786.43,115471.43,132611.31,95809.21,86448.48,185,132611.31,34.01,144741.63,0
165,5,426856.95,160002.82,122112.51,144741.63,89281.51,142168.79,493,144741.63,33.91,93913.17,0
165,6,422521.65,229283.24,99325.23,93913.17,85383.11,166491.0,210,93913.17,22.23,154527.79,0
165,7,394857.24,122825.38,117504.07,154527.79,114880.52,370905.05,179,154527.79,39.14,122185.6,0
165,8,354588.73,137596.4,94806.73,122185.6,83513.85,252232.66,155,122185.6,34.46,143388.44,0
165,9,419697.89,148843.85,127465.59,143388.44,103413.75,379976.51,447,143388.44,34.16,155348.2,0
165,10,390955.44,134420.07,101187.17,155348.2,66348.35,104347.63,309,155348.2,39.74,124142.08,0
165,11,388215.76,132203.11,131870.57,124142.08,25978.77,385777.92,204,124142.08,31.98,211717.39,0
166,1,560330.87,171154.75,129980.27,259195.84,165443.1,38670.65,351,259195.84,46.26,230715.13,0
166,2,504630.45,152022.63,121892.7,230715.13,105830.81,116660.57,216,230715.13,45.72,198956.99,0
166,3,459784.1,167742.89,93084.21,198956.99,63829.94,170717.57,391,198956.99,43.27,261011.74,0
166,4,499551.81,127231.2,111308.87,261011.74,148443.13,35496.89,598,261011.74,52.25,240402.89,0
166,5,510858.8,162248.79,108207.12,240402.89,43142.41,351280.21,207,240402.89,47.06,225833.33,0
166,6,515493.63,170007.69,119652.62,225833.33,91877.68,286863.57,353,225833.33,43.81,146777.73,0
166,7,527842.21,210107.2,170957.28,146777.73,122163.34,133853.04,255,146777.73,27.81,253224.25,0
166,8,554303.42,150844.61,150234.56,253224.25,66532.03,468532.26,309,253224.25,45.68,179601.34,0
166,9,474592.64,184568.47,110422.83,179601.34,107648.79,439628.07,246,179601.34,37.84,151349.56,0
166,10,462911.35,156311.33,155250.46,151349.56,106096.56,37472.43,371,151349.56,32.7,249147.31,0
166,11,518582.98,154484.7,114950.96,249147.31,62997.15,140717.73,399,249147.31,48.04,202874.05,0
167,1,199733.74,55256.02,55887.91,88589.81,16187.41,19455.81,123,88589.81,44.35,99659.71,0
167,2,187552.11,47471.75,40420.65,99659.71,11418.18,80726.74,246,99659.71,53.14,698.13,0
167,3,200021.94,145955.92,53367.89,698.13,18187.48,24554.1,109,698.13,0.35,-22067.42,1
167,4,183914.57,156492.59,49489.39,-22067.42,12275.09,160766.64,143,-22067.42,-12.0,53145.98,0
167,5,195658.53,77003.91,65508.65,53145.98,43818.87,117670.57,103,53145.98,27.16,71343.2,0
167,6,169692.32,63532.66,34816.47,71343.2,49182.31,161524.94,324,71343.2,42.04,83946.13,0
167,7,214758.26,59050.58,71761.55,83946.13,20920.01,57279.53,91,83946.13,39.09,61542.05,0
167,8,186896.82,66428.18,58926.6,61542.05,51825.41,149505.79,93,61542.05,32.93,60724.57,0
167,9,188665.02,64456.66,63483.79,60724.57,36005.73,23093.16,104,60724.57,32.19,85113.63,0
167,10,191961.28,63152.06,43695.58,85113.63,26070.67,80260.14,104,85113.63,44.34,86585.61,0
167,11,181249.95,55846.05,38818.29,86585.61,9387.59,40282.33,156,86585.61,47.77,62687.07,0
168,1,151426.46,51960.77,39962.72,59502.97,16461.58,18083.2,90,59502.97,39.29,53940.23,0
168,2,148849.3,56995.53,37913.53,53940.23,16053.87,86414.21,71,53940.23,36.24,73300.38,0
168,3,166138.93,42400.05,50438.5,73300.38,20292.47,136885.47,153,73300.38,44.12,40612.13,0
168,4,145650.78,58072.75,46965.9,40612.13,9516.37,132410.37,70,40612.13,27.88,55004.61,0
168,5,151928.44,44104.03,52819.81,55004.61,42928.34,121441.8,107,55004.61,36.2,71098.63,0
168,6,145702.02,40915.33,33688.06,71098.63,27197.09,134624.03,58,71098.63,48.8,63344.18,0
168,7,163639.94,55566.35,44729.41,63344.18,23374.45,155009.66,85,63344.18,38.71,59212.89,0
168,8,147845.0,53686.98,34945.13,59212.89,21967.58,115073.51,62,59212.89,40.05,72699.11,0
168,9,167065.01,53554.55,40811.35,72699.11,41691.16,40546.47,150,72699.11,43.52,68566.2,0
168,10,153116.13,49642.78,34907.15,68566.2,30291.5,25286.07,176,68566.2,44.78,53743.63,0
168,11,153929.32,59154.24,41031.45,53743.63,44627.54,22321.56,105,53743.63,34.91,73508.74,0
169,1,293260.83,207195.45,63544.49,22520.89,59403.57,212010.28,161,22520.89,7.68,145335.7,0
169,2,297092.18,79366.45,72390.02,145335.7,77464.74,225658.88,328,145335.7,48.92,105777.65,0
169,3,310469.03,105287.47,99403.91,105777.65,31827.18,246736.28,165,105777.65,34.07,111652.75,0
169,4,305933.06,107733.31,86546.99,111652.75,71565.2,93769.2,253,111652.75,36.5,109272.19,0
169,5,301309.5,100018.61,92018.69,109272.19,47854.83,137604.5,137,109272.19,36.27,101704.98,0
169,6,318312.35,118038.33,98569.04,101704.98,41694.07,199993.73,141,101704.98,31.95,87253.9,0
169,7,289247.75,114727.89,87265.96,87253.9,16346.68,169821.95,417,87253.9,30.17,84495.54,0
169,8,270858.37,101617.25,84745.57,84495.54,42606.75,244442.1,251,84495.54,31.2,71713.87,0
169,9,314377.21,173030.55,69632.79,71713.87,76565.82,87408.34,160,71713.87,22.81,142270.45,0
169,10,314118.37,90398.94,81448.97,142270.45,34930.88,128019.6,284,142270.45,45.29,119295.3,0
169,11,306700.62,94096.85,93308.47,119295.3,57065.46,24715.96,176,119295.3,38.9,131297.39,0
170,1,399143.21,297878.54,140036.7,-38772.02,36167.42,393760.26,279,-38772.02,-9.71,-33533.68,1
170,2,404795.18,280420.94,157907.91,-33533.68,75853.9,321871.17,389,-33533.68,-8.28,-64537.52,1
170,3,388261.53,258179.95,194619.1,-64537.52,20571.87,204283.89,204,-64537.52,-16.62,-85092.9,1
170,4,495592.82,290923.65,289762.07,-85092.9,38086.11,472006.3,689,-85092.9,-17.17,-17346.06,1
170,5,483987.32,327728.94,173604.43,-17346.06,86382.2,39990.04,267,-17346.06,-3.58,-102205.58,1
170,6,447163.86,288762.72,260606.73,-102205.58,48358.57,396507.41,283,-102205.58,-22.86,-81486.93,1
170,7,429398.26,298916.29,211968.9,-81486.93,41212.62,167987.0,338,-81486.93,-18.98,-303793.78,1
170,8,482474.18,544995.84,241272.12,-303793.78,138612.89,183941.94,561,-303793.78,-62.97,-104559.27,1
170,9,537059.44,371463.1,270155.61,-104559.27,83998.99,139847.68,798,-104559.27,-19.47,-97382.39,1
170,10,467107.32,328837.22,235652.49,-97382.39,41239.51,460794.35,258,-97382.39,-20.85,-120936.25,1
170,11,496837.49,400566.68,217207.07,-120936.25,111644.02,447933.97,355,-120936.25,-24.34,-311208.36,1
171,1,243624.57,185503.5,121654.54,-63533.48,27580.51,102902.65,135,-63533.48,-26.08,53629.34,0
171,2,252262.58,110313.79,88319.45,53629.34,34153.08,242514.58,120,53629.34,21.26,33110.51,0
171,3,211757.81,108463.03,70184.26,33110.51,29964.44,187687.46,277,33110.51,15.64,53366.78,0
171,4,235346.67,88124.82,93855.07,53366.78,45229.39,112743.96,171,53366.78,22.68,50270.11,0
171,5,230960.08,83303.45,97386.52,50270.11,33074.06,160677.1,119,50270.11,21.77,35018.06,0
171,6,233520.97,125416.75,73086.16,35018.06,15676.61,204236.09,111,35018.06,15.0,52678.17,0
171,7,223408.03,90404.85,80325.01,52678.17,25582.67,26655.23,113,52678.17,23.58,48318.39,0
171,8,241943.82,99152.46,94472.97,48318.39,60640.09,142082.79,105,48318.39,19.97,14247.14,0
171,9,252903.12,133627.34,105028.64,14247.14,33072.69,100493.6,427,14247.14,5.63,20976.87,0
171,10,238984.54,111806.57,106201.1,20976.87,20900.17,112789.02,279,20976.87,8.78,27132.19,0
171,11,220514.58,117056.36,76326.03,27132.19,57935.04,107069.58,402,27132.19,12.3,58062.83,0
172,1,368550.54,236922.7,212583.7,-80955.86,33466.42,309129.28,320,-80955.86,-21.97,-70308.23,1
172,2,394118.91,259241.31,205185.83,-70308.23,106932.61,318252.84,311,-70308.23,-17.84,-43286.94,1
172,3,351878.66,228593.54,166572.05,-43286.94,31973.09,132230.06,216,-43286.94,-12.3,-81229.33,1
172,4,352352.73,267429.51,166152.55,-81229.33,55286.56,59272.34,225,-81229.33,-23.05,-99380.91,1
172,5,352711.24,296039.0,156053.15,-99380.91,30229.85,36246.88,201,-99380.91,-28.18,-44201.72,1
172,6,380343.07,268256.69,156288.1,-44201.72,21815.15,141811.13,227,-44201.72,-11.62,-58630.57,1
172,7,354583.22,234185.86,179027.92,-58630.57,54400.71,203087.86,324,-58630.57,-16.54,-67543.92,1
172,8,388250.74,224492.81,231301.85,-67543.92,24047.47,125763.87,261,-67543.92,-17.4,-138307.04,1
172,9,439300.83,342337.91,235269.96,-138307.04,34235.57,139535.41,477,-138307.04,-31.48,-9505.47,1
172,10,311120.39,209828.37,110797.5,-9505.47,19477.46,66713.65,399,-9505.47,-3.06,-226041.71,1
172,11,356886.04,450507.82,132419.93,-226041.71,99786.54,260812.32,263,-226041.71,-63.34,-7100.34,1
173,1,343420.3,288181.92,160300.33,-105061.95,30836.36,231670.58,153,-105061.95,-30.59,-90521.28,1
173,2,289330.11,232022.47,147828.91,-90521.28,85352.41,102339.21,145,-90521.28,-31.29,-98141.72,1
173,3,356453.49,243857.85,210737.37,-98141.72,18499.17,211746.58,184,-98141.72,-27.53,-185564.09,1
173,4,306791.78,315568.88,176786.99,-185564.09,17586.36,299369.23,324,-185564.09,-60.49,-21741.51,1
173,5,264494.76,168539.0,117697.27,-21741.51,39107.93,261962.33,288,-21741.51,-8.22,-100163.81,1
173,6,284696.47,214945.21,169915.08,-100163.81,83152.6,146636.5,150,-100163.81,-35.18,-79985.89,1
173,7,281647.08,227474.93,134158.03,-79985.89,31929.56,248388.61,198,-79985.89,-28.4,-46659.0,1
173,8,256970.95,158093.43,145536.52,-46659.0,48055.69,106072.0,121,-46659.0,-18.16,-24725.6,1
173,9,231988.27,123584.77,133129.09,-24725.6,32476.13,152502.55,98,-24725.6,-10.66,-47304.91,1
173,10,327757.05,213891.49,161170.47,-47304.91,59457.74,210912.48,162,-47304.91,-14.43,-168653.96,1
173,11,300286.58,289014.34,179926.2,-168653.96,24607.21,49658.54,282,-168653.96,-56.16,-14185.19,1
174,1,357744.21,189450.88,194833.61,-26540.28,40056.22,100623.91,144,-26540.28,-7.42,-116769.0,1
174,2,349370.14,270759.19,195379.95,-116769.0,73847.29,331505.1,328,-116769.0,-33.42,-140551.04,1
174,3,446007.18,332366.69,254191.53,-140551.04,65857.49,222263.68,202,-140551.04,-31.51,-221988.9,1
174,4,413043.88,485844.19,149188.6,-221988.9,54554.04,205864.01,196,-221988.9,-53.74,-99878.44,1
174,5,324458.48,229809.89,194527.03,-99878.44,92231.75,121311.48,296,-99878.44,-30.78,-78244.29,1
174,6,358955.61,237071.66,200128.25,-78244.29,51778.79,190740.46,230,-78244.29,-21.8,-110557.08,1
174,7,369226.6,309813.2,169970.47,-110557.08,102236.6,38438.42,405,-110557.08,-29.94,-71838.69,1
174,8,414656.52,296628.73,189866.48,-71838.69,32385.16,198730.66,468,-71838.69,-17.32,-93493.64,1
174,9,341454.89,255928.73,179019.79,-93493.64,100373.39,198030.57,209,-93493.64,-27.38,-51556.2,1
174,10,377836.06,241937.77,187454.49,-51556.2,25238.05,109599.84,421,-51556.2,-13.65,-76452.32,1
174,11,470844.82,336808.2,210488.94,-76452.32,79600.18,465375.8,341,-76452.32,-16.24,-51348.21,1
175,1,258104.62,165530.71,141423.13,-48849.21,30197.92,43102.88,204,-48849.21,-18.93,-33992.49,1
175,2,225970.27,161223.48,98739.28,-33992.49,67223.08,156560.19,98,-33992.49,-15.04,-16619.03,1
175,3,268506.3,167744.82,117380.52,-16619.03,31460.55,44347.98,165,-16619.03,-6.19,-26251.1,1
175,4,304381.86,177653.55,152979.41,-26251.1,45594.94,186748.06,191,-26251.1,-8.62,6110.13,0
175,5,274530.4,169625.87,98794.4,6110.13,48378.49,261952.69,144,6110.13,2.23,-44547.73,1
175,6,254563.81,173433.06,125678.48,-44547.73,34526.71,243215.51,258,-44547.73,-17.5,-107195.5,1
175,7,282336.01,222634.56,166896.95,-107195.5,72465.05,92290.97,340,-107195.5,-37.97,-83087.64,1
175,8,261155.85,211122.19,133121.3,-83087.64,69023.33,27949.08,142,-83087.64,-31.82,-53897.09,1
175,9,231984.83,186275.36,99606.56,-53897.09,34932.64,173023.85,189,-53897.09,-23.23,-18953.66,1
175,10,250882.36,181128.51,88707.52,-18953.66,59511.51,87515.11,142,-18953.66,-7.55,-46843.55,1
175,11,292363.99,206648.47,132559.07,-46843.55,19274.32,257873.48,135,-46843.55,-16.02,-65014.62,1
176,1,287067.56,105850.39,92210.85,89006.32,27329.59,190738.08,115,89006.32,31.01,49904.29,0
176,2,321679.75,205713.31,66062.15,49904.29,31828.91,264548.99,146,49904.29,15.51,111775.08,0
176,3,295462.43,84335.92,99351.42,111775.08,63239.08,131394.5,167,111775.08,37.83,128210.79,0
176,4,290615.44,89474.19,72930.46,128210.79,57473.71,95569.34,363,128210.79,44.12,13198.47,0
176,5,290588.95,179409.89,97980.58,13198.47,28602.38,153192.59,213,13198.47,4.54,113594.36,0
176,6,280978.05,100971.05,66412.64,113594.36,76135.02,257135.33,116,113594.36,40.43,22795.01,0
176,7,311705.68,217331.47,71579.2,22795.01,88638.75,70940.65,175,22795.01,7.31,92810.2,0
176,8,310517.4,112397.66,105309.53,92810.2,90849.14,117201.53,258,92810.2,29.89,120986.58,0
176,9,274956.78,68798.0,85172.21,120986.58,65094.27,103870.32,178,120986.58,44.0,158098.17,0
176,10,320297.09,97369.04,64829.88,158098.17,25924.9,40370.01,159,158098.17,49.36,142297.15,0
176,11,313588.06,81125.12,90165.8,142297.15,81805.91,123290.78,307,142297.15,45.38,14821.15,0
177,1,361029.75,141439.77,83365.57,136224.41,20321.84,279929.02,154,136224.41,37.73,158856.94,0
177,2,353032.96,100852.02,93324.0,158856.94,57971.14,62372.22,228,158856.94,45.0,178615.01,0
177,3,388168.88,111320.21,98233.67,178615.01,76639.62,69845.58,177,178615.01,46.01,187204.88,0
177,4,412013.15,132370.9,92437.37,187204.88,120055.67,130797.02,177,187204.88,45.44,154625.14,0
177,5,348743.25,123852.45,70265.66,154625.14,43823.58,305043.35,223,154625.14,44.34,162009.54,0
177,6,355750.16,108391.92,85348.7,162009.54,31276.94,100995.53,327,162009.54,45.54,132401.94,0
177,7,351602.82,114575.93,104624.95,132401.94,84809.89,152945.1,176,132401.94,37.66,135154.71,0
177,8,406310.74,159458.33,111697.7,135154.71,28240.5,364766.22,409,135154.71,33.26,138438.71,0
177,9,382300.85,144083.44,99778.71,138438.71,99053.77,184147.97,227,138438.71,36.21,120983.64,0
177,10,367693.67,121370.84,125339.19,120983.64,103445.36,95236.15,328,120983.64,32.9,140981.24,0
177,11,381149.43,145251.68,94916.5,140981.24,25579.53,181093.72,460,140981.24,36.99,137537.17,0
178,1,222530.43,126382.58,115374.54,-19226.7,20563.15,158550.74,234,-19226.7,-8.64,-2770.33,1
178,2,215093.87,116689.76,101174.44,-2770.33,23529.43,80735.25,131,-2770.33,-1.29,-20126.12,1
178,3,181254.09,129820.64,71559.56,-20126.12,28292.71,102503.96,145,-20126.12,-11.1,-20514.96,1
178,4,168054.93,128098.7,60471.18,-20514.96,35609.94,162670.86,110,-20514.96,-12.21,-5465.57,1
178,5,164894.24,94811.04,75548.77,-5465.57,20451.71,147104.5,149,-5465.57,-3.31,-44041.82,1
178,6,179339.57,133171.47,90209.92,-44041.82,25511.71,109845.82,149,-44041.82,-24.56,-52414.65,1
178,7,191433.22,155773.61,88074.26,-52414.65,51331.22,109038.09,130,-52414.65,-27.38,-53689.76,1
178,8,193264.11,144538.89,102414.98,-53689.76,47693.86,163126.26,121,-53689.76,-27.78,-35331.98,1
178,9,241832.73,151399.66,125765.06,-35331.98,57444.63,157098.29,213,-35331.98,-14.61,-19870.22,1
178,10,216424.96,138398.43,97896.74,-19870.22,31524.52,136915.2,101,-19870.22,-9.18,-54125.11,1
178,11,197611.66,155591.56,96145.21,-54125.11,58882.08,20134.74,133,-54125.11,-27.39,5633.49,0
179,1,490741.1,136907.28,162053.51,191780.31,24712.91,234863.16,605,191780.31,39.08,-8461.65,1
179,2,487343.87,331088.07,164717.46,-8461.65,145815.11,363577.22,202,-8461.65,-1.74,230819.09,0
179,3,479451.78,130996.62,117636.06,230819.09,43743.58,262750.28,461,230819.09,48.14,202611.41,0
179,4,477146.14,178633.67,95901.06,202611.41,96054.38,67695.1,333,202611.41,42.46,186505.3,0
179,5,517732.16,178001.28,153225.58,186505.3,153036.5,347255.9,335,186505.3,36.02,195009.5,0
179,6,485768.39,165738.35,125020.54,195009.5,109907.68,158582.23,789,195009.5,40.14,202970.27,0
179,7,479680.34,135378.7,141331.37,202970.27,46514.19,238724.98,210,202970.27,42.31,190514.04,0
179,8,456127.83,146073.03,119540.76,190514.04,52136.97,175958.03,491,190514.04,41.77,218651.05,0
179,9,532357.08,186886.51,126819.53,218651.05,60682.54,102636.3,443,218651.05,41.07,222080.17,0
179,10,505833.46,171812.21,111941.08,222080.17,134433.84,166157.94,361,222080.17,43.9,191905.21,0
179,11,475437.71,120426.27,163106.23,191905.21,117536.54,88199.05,223,191905.21,40.36,144546.76,0
180,1,53012.11,45504.21,22870.31,-15362.41,15121.97,46533.47,34,-15362.41,-28.98,-25560.8,1
180,2,56615.96,62277.19,19899.57,-25560.8,4892.27,49572.63,31,-25560.8,-45.15,-17195.3,1
180,3,50593.83,38687.09,29102.04,-17195.3,9959.19,17466.18,20,-17195.3,-33.99,-13040.67,1
180,4,51281.84,38497.21,25825.3,-13040.67,6943.77,3970.32,39,-13040.67,-25.43,-7281.96,1
180,5,54929.76,30833.18,31378.54,-7281.96,6826.27,32866.79,34,-7281.96,-13.26,-11476.23,1
180,6,57462.06,38518.78,30419.51,-11476.23,5391.69,45595.56,31,-11476.23,-19.97,-21574.6,1
180,7,52742.58,54805.11,19512.08,-21574.6,10242.47,39685.67,80,-21574.6,-40.91,-27007.08,1
180,8,65158.06,53500.22,38664.92,-27007.08,15334.87,23583.27,43,-27007.08,-41.45,-2584.85,1
180,9,53044.33,33116.31,22512.87,-2584.85,7614.68,33927.43,26,-2584.85,-4.87,-37609.03,1
180,10,55377.6,62329.27,30657.37,-37609.03,10149.04,33184.12,91,-37609.03,-67.91,-21450.56,1
180,11,58115.17,45902.75,33662.97,-21450.56,15008.96,32587.7,37,-21450.56,-36.91,-19023.27,1
181,1,459137.76,128092.73,124427.77,206617.26,95713.34,209313.94,199,206617.26,45.0,-38280.87,1
181,2,476096.38,383031.74,131345.51,-38280.87,44885.96,262770.66,225,-38280.87,-8.04,181005.11,0
181,3,452577.26,129483.59,142088.55,181005.11,119477.67,407242.64,251,181005.11,39.99,149613.93,0
181,4,416974.57,149614.1,117746.54,149613.93,88410.9,380645.32,312,149613.93,35.88,203145.01,0
181,5,428887.05,135232.22,90509.82,203145.01,74445.6,261201.5,349,203145.01,47.37,135493.65,0
181,6,415240.75,141998.28,137748.83,135493.65,81346.93,37563.26,170,135493.65,32.63,216578.43,0
181,7,427671.08,116358.03,94734.62,216578.43,26256.07,387917.55,270,216578.43,50.64,152948.9,0
181,8,476788.52,169257.02,154582.6,152948.9,129043.48,461956.53,345,152948.9,32.08,141230.54,0
181,9,453951.95,160248.44,152472.97,141230.54,89078.03,27953.53,389,141230.54,31.11,202905.92,0
181,10,438826.99,113803.88,122117.19,202905.92,44589.51,241823.95,483,202905.92,46.24,98130.02,0
181,11,450116.99,222306.83,129680.14,98130.02,84396.65,275398.25,806,98130.02,21.8,144265.23,0
182,1,428997.23,334324.96,222931.31,-128259.04,56598.35,174671.82,186,-128259.04,-29.9,-75183.52,1
182,2,436599.98,282697.24,229086.26,-75183.52,130315.49,307002.99,767,-75183.52,-17.22,-30523.03,1
182,3,382396.38,249244.98,163674.44,-30523.03,55328.11,249196.88,179,-30523.03,-7.98,-34272.64,1
182,4,440880.87,297288.81,177864.69,-34272.64,121366.92,28722.68,199,-34272.64,-7.77,-7624.95,1
182,5,505232.75,281383.43,231474.27,-7624.95,88932.98,415217.03,254,-7624.95,-1.51,-83178.04,1
182,6,422866.56,301015.83,205028.78,-83178.04,80365.0,123167.53,440,-83178.04,-19.67,-70396.37,1
182,7,426491.76,259112.0,237776.12,-70396.37,28658.18,168017.73,179,-70396.37,-16.51,-81489.83,1
182,8,507434.3,375098.55,213825.57,-81489.83,70511.85,354247.52,208,-81489.83,-16.06,-86570.49,1
182,9,381694.31,331050.5,137214.31,-86570.49,108944.07,91483.23,656,-86570.49,-22.68,-53521.81,1
182,10,398132.37,267455.9,184198.27,-53521.81,101780.92,270133.97,482,-53521.81,-13.44,-94448.73,1
182,11,444443.26,280583.13,258308.86,-94448.73,29247.07,358078.34,254,-94448.73,-21.25,10825.6,0
183,1,441466.14,166402.62,200179.82,74883.71,112580.94,273993.32,181,74883.71,16.96,28228.5,0
183,2,417008.87,198240.33,190540.04,28228.5,95347.36,228531.21,398,28228.5,6.77,87693.82,0
183,3,417563.69,197984.33,131885.53,87693.82,93759.5,252571.04,298,87693.82,21.0,111906.38,0
183,4,459800.13,181476.43,166417.32,111906.38,48760.73,294566.49,273,111906.38,24.34,99435.68,0
183,5,420282.48,191405.87,129440.92,99435.68,72995.03,159418.0,369,99435.68,23.66,53403.48,0
183,6,385941.38,201570.02,130967.89,53403.48,39865.67,248458.03,181,53403.48,13.84,71152.0,0
183,7,386015.09,151255.7,163607.38,71152.0,103961.61,57399.2,683,71152.0,18.43,65652.32,0
183,8,402291.9,147912.93,188726.64,65652.32,116437.82,148639.5,434,65652.32,16.32,-22632.75,1
183,9,469354.05,318557.3,173429.5,-22632.75,101360.11,256781.32,219,-22632.75,-4.82,63540.27,0
183,10,501013.04,205456.42,232016.36,63540.27,37162.44,490499.78,328,63540.27,12.68,60168.42,0
183,11,470022.17,198576.12,211277.63,60168.42,68997.72,316865.84,233,60168.42,12.8,112384.87,0
184,1,412262.72,124021.94,134900.79,153340.0,106438.31,61821.91,527,153340.0,37.19,156670.61,0
184,2,496993.59,197106.69,143216.29,156670.61,89850.98,126487.52,256,156670.61,31.52,157405.0,0
184,3,480983.69,161425.5,162153.2,157405.0,40530.41,285759.91,704,157405.0,32.73,236174.15,0
184,4,458800.27,128725.17,93900.95,236174.15,32635.91,227530.37,193,236174.15,51.48,194614.7,0
184,5,468590.69,132907.07,141068.93,194614.7,27285.87,385101.22,288,194614.7,41.53,156486.97,0
184,6,482367.65,160104.43,165776.24,156486.97,126635.84,186336.59,299,156486.97,32.44,189445.35,0
184,7,441634.12,148184.68,104004.09,189445.35,63371.21,332252.45,189,189445.35,42.9,192826.63,0
184,8,500953.33,159632.34,148494.37,192826.63,138321.2,295649.63,243,192826.63,38.49,-36229.38,1
184,9,462327.08,339482.68,159073.79,-36229.38,134336.54,155133.04,207,-36229.38,-7.84,147808.21,0
184,10,496186.47,193536.85,154841.4,147808.21,66240.98,41689.01,229,147808.21,29.79,236255.78,0
184,11,486524.27,147358.07,102910.42,236255.78,112694.37,446129.33,248,236255.78,48.56,157221.79,0
185,1,222579.59,55703.76,48522.78,118353.04,23527.04,221374.24,266,118353.04,53.17,71584.16,0
185,2,219632.1,80893.96,67153.98,71584.16,29141.84,128566.92,99,71584.16,32.59,102395.71,0
185,3,221281.2,67748.09,51137.4,102395.71,49637.49,21749.96,203,102395.71,46.27,94563.8,0
185,4,226248.08,58266.21,73418.07,94563.8,17663.17,105946.44,95,94563.8,41.8,3125.27,0
185,5,223039.03,174300.33,45613.43,3125.27,42995.94,76126.77,177,3125.27,1.4,85140.92,0
185,6,219550.8,78429.35,55980.53,85140.92,16567.16,163013.48,254,85140.92,38.78,90493.65,0
185,7,226622.41,58000.75,78128.01,90493.65,19982.25,48458.98,138,90493.65,39.93,83661.78,0
185,8,219945.44,66750.11,69533.55,83661.78,34824.72,212210.23,171,83661.78,38.04,82488.62,0
185,9,246495.19,91553.68,72452.88,82488.62,35306.22,124608.74,275,82488.62,33.46,-14181.07,1
185,10,216891.05,180489.27,50582.85,-14181.07,27437.54,51359.9,209,-14181.07,-6.54,119412.48,0
185,11,224587.77,58483.27,46692.02,119412.48,27835.75,36330.2,171,119412.48,53.17,103386.91,0
186,1,280311.83,91711.11,75744.55,112856.17,72355.8,213948.06,355,112856.17,40.26,118694.51,0
186,2,266943.63,91644.13,56604.99,118694.51,38829.56,46948.45,120,118694.51,44.46,120034.51,0
186,3,258252.92,65753.54,72464.88,120034.51,51416.85,251297.67,334,120034.51,46.48,102229.16,0
186,4,296285.92,99328.6,94728.17,102229.16,21559.72,178880.17,171,102229.16,34.5,97746.27,0
186,5,291895.43,106721.61,87427.54,97746.27,44093.41,229816.12,121,97746.27,33.49,132935.18,0
186,6,290360.87,76028.68,81397.01,132935.18,30879.44,154042.29,169,132935.18,45.78,123968.68,0
186,7,284474.05,89323.09,71182.29,123968.68,69865.62,20453.73,116,123968.68,43.58,83058.92,0
186,8,262973.91,97690.14,82224.86,83058.92,38726.9,200922.46,206,83058.92,31.58,125215.36,0
186,9,285565.08,85064.6,75285.12,125215.36,75414.41,156213.42,233,125215.36,43.85,115270.23,0
186,10,255283.47,73307.31,66705.93,115270.23,60381.87,42120.84,270,115270.23,45.15,96411.92,0
186,11,259025.88,79977.41,82636.56,96411.92,45452.45,166478.96,268,96411.92,37.22,94302.86,0
187,1,104033.14,44069.25,41138.4,18825.5,24074.98,64181.97,95,18825.5,18.1,20090.17,0
187,2,107930.19,38891.63,48948.4,20090.17,29403.55,45903.14,55,20090.17,18.61,16561.1,0
187,3,107663.77,46585.88,44516.8,16561.1,21124.17,20400.02,56,16561.1,15.38,35168.06,0
187,4,110567.75,41906.14,33493.56,35168.06,8760.11,86451.94,49,35168.06,31.81,19692.41,0
187,5,107526.04,47999.94,39833.69,19692.41,10493.26,40967.58,55,19692.41,18.31,27877.95,0
187,6,109884.64,43237.91,38768.78,27877.95,10379.59,31162.54,205,27877.95,25.37,19006.79,0
187,7,112962.62,55224.84,38730.99,19006.79,22490.2,44938.43,82,19006.79,16.83,16375.5,0
187,8,118871.93,55107.14,47389.3,16375.5,11321.94,67005.07,84,16375.5,13.78,896.89,0
187,9,89867.87,47296.96,41674.02,896.89,20590.68,8147.65,45,896.89,1.0,16163.64,0
187,10,85423.56,38204.23,31055.69,16163.64,5877.33,7913.76,103,16163.64,18.92,16269.07,0
187,11,100101.81,51506.71,32326.03,16269.07,21009.88,37530.98,136,16269.07,16.25,25024.17,0
188,1,109598.34,35224.63,34732.21,39641.51,26128.84,95581.32,48,39641.51,36.17,42071.24,0
188,2,113324.18,41652.42,29600.52,42071.24,16420.49,74419.32,137,42071.24,37.12,44779.36,0
188,3,110444.24,38740.07,26924.81,44779.36,8571.42,55002.08,111,44779.36,40.54,52191.27,0
188,4,110283.74,33345.89,24746.58,52191.27,7625.26,101891.84,70,52191.27,47.32,35126.99,0
188,5,110645.17,38088.93,37429.25,35126.99,13707.62,108100.31,89,35126.99,31.75,2596.8,0
188,6,94455.62,70875.83,20982.99,2596.8,11308.01,87594.89,37,2596.8,2.75,48585.17,0
188,7,104366.87,27369.04,28412.67,48585.17,21034.55,48729.46,44,48585.17,46.55,39136.76,0
188,8,107009.93,35335.85,32537.32,39136.76,9279.68,28705.19,149,39136.76,36.57,46793.84,0
188,9,106750.63,31830.57,28126.22,46793.84,9519.6,60182.96,152,46793.84,43.83,42577.77,0
188,10,100633.66,29966.13,28089.76,42577.77,14874.36,11236.89,78,42577.77,42.31,46690.44,0
188,11,104412.51,35783.59,21938.49,46690.44,21129.48,47065.56,193,46690.44,44.72,36011.2,0
189,1,92522.83,31321.29,23117.46,38084.08,18881.45,81432.36,61,38084.08,41.16,31870.7,0
189,2,90830.05,27219.63,31739.72,31870.7,14274.0,74359.92,134,31870.7,35.09,19712.71,0
189,3,91977.23,53805.04,18459.47,19712.71,23205.02,55890.34,51,19712.71,21.43,32996.19,0
189,4,94506.06,30987.34,30522.52,32996.19,24801.71,77639.14,109,32996.19,34.91,17249.44,0
189,5,102652.33,57468.94,27933.95,17249.44,28287.94,66588.22,100,17249.44,16.8,43189.57,0
189,6,103677.6,30262.98,30225.05,43189.57,16622.74,11157.52,133,43189.57,41.66,50609.8,0
189,7,102737.54,26424.49,25703.25,50609.8,25480.21,23702.54,52,50609.8,49.26,24785.95,0
189,8,91573.79,36017.05,30770.79,24785.95,20886.3,25034.57,51,24785.95,27.07,33558.66,0
189,9,90225.17,29228.65,27437.86,33558.66,11172.27,25628.01,52,33558.66,37.19,9918.87,0
189,10,103510.23,63844.6,29746.76,9918.87,21230.32,12069.72,113,9918.87,9.58,33262.11,0
189,11,90084.8,31657.21,25165.48,33262.11,14654.01,5614.79,44,33262.11,36.92,37216.1,0
190,1,140883.39,49199.51,47170.81,44513.07,34548.67,131137.72,56,44513.07,31.6,65390.77,0
190,2,146459.98,49385.19,31684.02,65390.77,36161.01,11180.62,238,65390.77,44.65,57585.78,0
190,3,137275.58,44638.59,35051.22,57585.78,31993.45,48728.55,133,57585.78,41.95,49651.45,0
190,4,134812.35,46894.19,38266.7,49651.45,28360.72,41476.43,64,49651.45,36.83,43275.04,0
190,5,132562.43,48698.92,40588.47,43275.04,10480.58,112211.33,64,43275.04,32.65,53634.57,0
190,6,133359.03,39886.17,39838.29,53634.57,23572.8,9040.91,103,53634.57,40.22,15190.43,0
190,7,136108.76,84623.87,36294.46,15190.43,32546.46,54507.29,70,15190.43,11.16,56525.79,0
190,8,131122.25,40047.6,34548.87,56525.79,37720.0,20116.44,231,56525.79,43.11,46062.93,0
190,9,140044.27,55801.83,38179.52,46062.93,29583.08,80925.01,79,46062.93,32.89,42141.73,0
190,10,137289.98,52321.2,42827.05,42141.73,22716.84,90284.86,97,42141.73,30.7,60453.17,0
190,11,134157.52,37042.18,36662.17,60453.17,16056.21,73318.6,112,60453.17,45.06,53199.02,0
191,1,497356.09,309590.69,203578.01,-15812.62,33999.82,214125.16,848,-15812.62,-3.18,-57179.57,1
191,2,405116.9,228597.59,233698.88,-57179.57,38263.62,351923.27,257,-57179.57,-14.11,-139078.47,1
191,3,486932.65,356909.33,269101.79,-139078.47,70734.53,297236.84,217,-139078.47,-28.56,-85171.4,1
191,4,503227.98,351159.92,237239.45,-85171.4,56969.11,192999.22,221,-85171.4,-16.93,-181537.16,1
191,5,455120.08,463345.12,173312.12,-181537.16,114813.86,268261.57,182,-181537.16,-39.89,-174267.23,1
191,6,541662.75,437635.98,278293.99,-174267.23,96902.63,108254.81,417,-174267.23,-32.17,-54973.47,1
191,7,442796.63,278320.46,219449.63,-54973.47,43901.8,438400.68,448,-54973.47,-12.42,-114634.28,1
191,8,472957.88,366446.06,221146.1,-114634.28,115144.65,419337.62,462,-114634.28,-24.24,-19710.16,1
191,9,436200.2,266131.84,189778.51,-19710.16,91792.14,94756.28,533,-19710.16,-4.52,-44060.66,1
191,10,517032.59,370412.55,190680.69,-44060.66,70190.25,275915.95,269,-44060.66,-8.52,-158942.1,1
191,11,514624.62,392070.87,281495.84,-158942.1,32466.95,467395.95,215,-158942.1,-30.89,-117884.66,1
192,1,150419.68,51413.53,32786.49,66219.66,31615.71,123756.99,125,66219.66,44.02,59081.58,0
192,2,135786.38,46071.86,30632.94,59081.58,7477.42,105894.66,104,59081.58,43.51,55926.53,0
192,3,146083.47,54680.74,35476.2,55926.53,42799.01,106854.42,67,55926.53,38.28,73315.4,0
192,4,148153.59,37330.26,37507.93,73315.4,10296.04,87258.45,109,73315.4,49.49,57773.92,0
192,5,137914.95,47543.49,32597.53,57773.92,37865.88,68097.84,107,57773.92,41.89,-4122.45,1
192,6,139770.76,96868.45,47024.76,-4122.45,28330.88,49288.05,68,-4122.45,-2.95,45935.96,0
192,7,136073.42,53561.7,36575.75,45935.96,30854.54,43570.61,131,45935.96,33.76,15472.55,0
192,8,136943.6,90744.76,30726.29,15472.55,27626.5,22860.47,94,15472.55,11.3,58603.75,0
192,9,149150.22,42430.32,48116.15,58603.75,32692.48,68480.82,204,58603.75,39.29,59339.69,0
192,10,144661.77,51664.44,33657.64,59339.69,20192.0,97013.91,149,59339.69,41.02,63122.55,0
192,11,124533.52,35502.04,25908.93,63122.55,30766.16,90849.45,56,63122.55,50.69,54529.15,0
193,1,247968.95,98082.36,97626.18,52260.41,69606.43,68208.66,157,52260.41,21.08,-68464.72,1
193,2,259627.29,224396.88,103695.12,-68464.72,54395.58,223670.44,103,-68464.72,-26.37,14533.98,0
193,3,253138.56,133504.58,105100.0,14533.98,38456.25,174924.51,196,14533.98,5.74,3923.97,0
193,4,223608.34,147999.49,71684.89,3923.97,21942.78,108175.82,412,3923.97,1.75,9925.25,0
193,5,250507.05,125863.08,114718.71,9925.25,19982.38,51349.66,214,9925.25,3.96,2748.68,0
193,6,231443.89,123366.13,105329.08,2748.68,16642.89,147096.71,228,2748.68,1.19,12963.94,0
193,7,255650.19,118755.51,123930.75,12963.94,53261.61,229879.49,152,12963.94,5.07,20344.74,0
193,8,242897.13,114885.42,107666.97,20344.74,17499.53,89875.92,187,20344.74,8.38,70263.24,0
193,9,238574.7,95039.3,73272.15,70263.24,53293.2,108488.11,155,70263.24,29.45,-77704.99,1
193,10,249073.37,246343.11,80435.24,-77704.99,60702.65,74858.37,216,-77704.99,-31.2,63015.06,0
193,11,262696.95,95159.95,104521.95,63015.06,66970.55,108133.91,168,63015.06,23.99,71574.91,0
194,1,80755.5,37558.43,30594.09,12602.98,12254.87,48066.95,59,12602.98,15.61,9224.75,0
194,2,63578.46,25603.99,28749.72,9224.75,4254.59,25425.07,28,9224.75,14.51,9979.58,0
194,3,67868.55,36488.62,21400.35,9979.58,7562.34,3979.78,49,9979.58,14.7,13501.83,0
194,4,79241.62,33423.65,32316.14,13501.83,20650.98,34166.49,58,13501.83,17.04,6600.96,0
194,5,69180.85,34366.7,28213.2,6600.96,12790.21,15485.98,50,6600.96,9.54,7191.53,0
194,6,73605.19,37532.18,28881.49,7191.53,16999.65,16740.03,37,7191.53,9.77,-14088.78,1
194,7,56161.93,45442.82,24807.89,-14088.78,15036.24,3785.87,35,-14088.78,-25.09,5221.71,0
194,8,65219.54,32320.53,27677.29,5221.71,15093.3,46138.2,30,5221.71,8.01,7385.02,0
194,9,65777.2,29230.19,29161.99,7385.02,7765.31,24664.67,27,7385.02,11.23,16394.94,0
194,10,82591.98,38463.28,27733.76,16394.94,24586.85,68739.73,41,16394.94,19.85,4996.34,0
194,11,74589.83,33950.14,35643.35,4996.34,4886.59,37457.31,71,4996.34,6.7,1101.54,0
195,1,177126.12,71373.81,67595.76,38156.55,10447.27,90102.84,79,38156.55,21.54,24307.32,0
195,2,172316.86,77279.55,70729.98,24307.32,42835.53,67364.58,71,24307.32,14.11,10.18,0
195,3,154620.45,83344.68,71265.6,10.18,29863.13,78296.35,216,10.18,0.01,-34428.01,1
195,4,149851.83,116992.12,67287.71,-34428.01,28369.86,104923.6,193,-34428.01,-22.97,18086.0,0
195,5,148418.73,58476.9,71855.84,18086.0,34771.06,119372.53,122,18086.0,12.19,132.06,0
195,6,150003.65,75517.38,74354.21,132.06,23128.8,109583.94,65,132.06,0.09,-3532.11,1
195,7,152866.45,81609.17,74789.39,-3532.11,21957.39,48709.78,102,-3532.11,-2.31,19967.44,0
195,8,149982.47,80526.53,49488.51,19967.44,41680.42,57242.81,73,19967.44,13.31,13246.13,0
195,9,173753.65,94904.33,65603.19,13246.13,51622.94,171084.56,127,13246.13,7.62,29216.94,0
195,10,152038.97,67984.56,54837.46,29216.94,26320.63,36564.26,79,29216.94,19.22,20971.82,0
195,11,169964.69,87041.72,61951.15,20971.82,40388.49,39693.57,301,20971.82,12.34,24162.2,0
196,1,193796.72,161329.08,114951.87,-82484.23,27394.42,43131.61,103,-82484.23,-42.56,-61361.76,1
196,2,189312.73,162295.79,88378.69,-61361.76,29908.26,83257.91,125,-61361.76,-32.41,-65774.03,1
196,3,203355.14,153070.05,116059.11,-65774.03,27531.81,69922.1,104,-65774.03,-32.34,749.01,0
196,4,164920.37,104265.42,59905.94,749.01,21726.54,106881.78,90,749.01,0.45,-8925.61,1
196,5,187560.05,123035.64,73450.02,-8925.61,42852.38,11716.13,165,-8925.61,-4.76,-59249.91,1
196,6,183757.07,147873.29,95133.68,-59249.91,45169.13,128276.03,133,-59249.91,-32.24,-13959.3,1
196,7,179126.37,117278.81,75806.86,-13959.3,16959.69,22969.23,79,-13959.3,-7.79,-37626.1,1
196,8,183984.22,144503.48,77106.84,-37626.1,24374.69,162513.4,257,-37626.1,-20.45,-13338.81,1
196,9,166806.0,90252.74,89892.08,-13338.81,23686.44,114608.32,175,-13338.81,-8.0,-23704.83,1
196,10,171955.52,110769.81,84890.54,-23704.83,41175.32,118159.82,122,-23704.83,-13.79,-56659.63,1
196,11,183341.61,138275.53,101725.71,-56659.63,35379.23,134828.7,114,-56659.63,-30.9,-100425.34,1
197,1,189465.94,124468.57,48798.66,16198.71,19389.38,131900.22,154,16198.71,8.55,92493.98,0
197,2,194517.27,52919.3,49103.99,92493.98,48424.05,191443.74,353,92493.98,47.55,101017.65,0
197,3,187804.93,48822.01,37965.27,101017.65,25992.51,186831.48,135,101017.65,53.79,83883.94,0
197,4,206973.26,57567.47,65521.84,83883.94,52551.6,156873.16,176,83883.94,40.53,64735.41,0
197,5,204000.65,73119.57,66145.67,64735.41,45075.12,177341.07,139,64735.41,31.73,74680.63,0
197,6,197774.19,62196.78,60896.79,74680.63,58994.61,89759.35,232,74680.63,37.76,81887.88,0
197,7,183217.99,61229.27,40100.84,81887.88,48544.65,36238.16,216,81887.88,44.69,70301.88,0
197,8,196812.67,64331.33,62179.46,70301.88,12840.63,111840.29,104,70301.88,35.72,79797.81,0
197,9,206279.96,80984.8,45497.35,79797.81,13245.34,50812.52,303,79797.81,38.68,69610.01,0
197,10,190048.89,59029.38,61409.5,69610.01,20077.95,16744.28,118,69610.01,36.63,-12210.25,1
197,11,194830.91,141663.72,65377.44,-12210.25,10427.41,126330.92,121,-12210.25,-6.27,66221.25,0
198,1,99839.39,42199.78,47105.77,10533.83,10319.63,93636.88,47,10533.83,10.55,16093.9,0
198,2,115718.39,41789.76,57834.73,16093.9,10422.37,31858.35,61,16093.9,13.91,26248.95,0
198,3,110670.05,44422.27,39998.83,26248.95,10287.23,16493.27,59,26248.95,23.72,11720.18,0
198,4,124690.0,63070.64,49899.18,11720.18,19702.35,52243.54,51,11720.18,9.4,18183.05,0
198,5,110629.59,47220.89,45225.65,18183.05,18480.23,90674.25,54,18183.05,16.44,9657.84,0
198,6,123687.6,55787.01,58242.74,9657.84,30259.61,118564.55,119,9657.84,7.81,-46354.28,1
198,7,122603.94,109457.41,59500.81,-46354.28,10563.2,64820.99,151,-46354.28,-37.81,36814.84,0
198,8,114349.33,42951.4,34583.09,36814.84,15980.97,17144.27,99,36814.84,32.2,5586.34,0
198,9,106452.56,55139.4,45726.82,5586.34,22248.63,101011.39,116,5586.34,5.25,-1477.32,1
198,10,105529.87,57810.09,49197.1,-1477.32,22751.49,70323.48,171,-1477.32,-1.4,-31439.79,1
198,11,95799.63,88449.78,38789.63,-31439.79,22326.52,19820.11,39,-31439.79,-32.82,26398.44,0
199,1,397608.46,152169.99,124331.35,121107.13,75937.86,265061.91,356,121107.13,30.46,82766.36,0
199,2,319394.11,135547.98,101079.77,82766.36,63275.12,41344.38,151,82766.36,25.91,136286.77,0
199,3,398816.41,140592.34,121937.3,136286.77,40970.07,309384.92,208,136286.77,34.17,17191.71,0
199,4,345141.64,163327.11,164622.82,17191.71,95294.03,315458.6,252,17191.71,4.98,44770.1,0
199,5,362134.58,151149.81,166214.67,44770.1,66951.0,192898.24,516,44770.1,12.36,88736.82,0
199,6,340794.25,144042.34,108015.1,88736.82,88853.97,104519.73,167,88736.82,26.04,37817.39,0
199,7,370370.6,197447.34,135105.87,37817.39,65316.79,129987.07,161,37817.39,10.21,110030.01,0
199,8,325543.38,116026.09,99487.28,110030.01,81121.4,248705.05,494,110030.01,33.8,33696.91,0
199,9,357117.54,192780.05,130640.58,33696.91,94630.68,146932.8,146,33696.91,9.44,84271.22,0
199,10,360320.19,145208.52,130840.45,84271.22,105363.01,115639.71,466,84271.22,23.39,67195.5,0
199,11,402864.34,202475.05,133193.79,67195.5,56837.05,260584.1,280,67195.5,16.68,45249.68,0
200,1,66007.96,20994.65,21937.11,23076.2,11689.14,43870.04,43,23076.2,34.96,16262.5,0
200,2,60639.91,23248.38,21129.04,16262.5,5002.11,10539.7,32,16262.5,26.82,26517.34,0
200,3,67125.99,20864.15,19744.51,26517.34,12556.18,37760.28,99,26517.34,39.5,24611.67,0
200,4,60542.92,18866.22,17065.02,24611.67,16661.14,55166.95,28,24611.67,40.65,30661.78,0
200,5,67267.64,20805.43,15800.43,30661.78,4556.79,24565.38,47,30661.78,45.58,21702.88,0
200,6,60341.72,23733.74,14905.11,21702.88,6469.51,13964.31,39,21702.88,35.97,27783.33,0
200,7,61948.94,17541.45,16624.16,27783.33,14133.98,33180.01,75,27783.33,44.85,23509.18,0
200,8,63214.68,24285.17,15420.33,23509.18,15486.27,61002.15,42,23509.18,37.19,22008.64,0
200,9,58106.23,20437.52,15660.07,22008.64,15332.31,5674.68,25,22008.64,37.88,22923.1,0
200,10,66206.85,25013.64,18270.11,22923.1,9298.87,65840.4,91,22923.1,34.62,19929.18,0
200,11,68059.48,26553.37,21576.93,19929.18,5390.52,27567.28,87,19929.18,29.28,19985.38,0
201,1,307365.09,109212.05,93389.29,104763.75,25759.4,107289.1,269,104763.75,34.08,139824.76,0
201,2,326784.4,116027.34,70932.3,139824.76,78510.55,74177.3,168,139824.76,42.79,168016.79,0
201,3,337368.1,93902.8,75448.51,168016.79,47726.77,271237.79,170,168016.79,49.8,-2437.72,1
201,4,331490.79,264715.08,69213.43,-2437.72,39719.85,121781.41,208,-2437.72,-0.74,131382.29,0
201,5,323346.37,96606.88,95357.19,131382.29,29999.38,302112.03,207,131382.29,40.63,116812.88,0
201,6,307078.01,119281.13,70984.0,116812.88,46360.11,241213.18,179,116812.88,38.04,153136.13,0
201,7,332589.81,101961.25,77492.44,153136.13,68515.87,155365.97,225,153136.13,46.04,94437.83,0
201,8,318869.89,125613.38,98818.69,94437.83,32853.97,311471.41,163,94437.83,29.62,104520.28,0
201,9,315181.27,113868.7,96792.3,104520.28,59160.81,203621.08,215,104520.28,33.16,98495.59,0
201,10,327235.65,122411.27,106328.79,98495.59,82088.99,168094.18,259,98495.59,30.1,139150.03,0
201,11,318462.83,91384.73,87928.07,139150.03,70987.71,117552.66,311,139150.03,43.69,98277.35,0
202,1,142668.58,101346.63,29303.78,12018.18,18831.6,84749.87,172,12018.18,8.42,41313.05,0
202,2,135736.23,49751.31,44671.87,41313.05,17105.3,91988.26,128,41313.05,30.44,48690.46,0
202,3,131728.99,48003.98,35034.55,48690.46,30921.1,53705.08,57,48690.46,36.96,49611.58,0
202,4,136877.99,40036.89,47229.52,49611.58,40744.3,13853.34,130,49611.58,36.25,74575.16,0
202,5,136663.89,34755.76,27332.97,74575.16,35969.21,106433.22,115,74575.16,54.57,63374.27,0
202,6,135852.72,34004.17,38474.29,63374.27,32115.89,64398.56,73,63374.27,46.65,52073.96,0
202,7,135547.45,40717.55,42755.94,52073.96,36988.15,15975.12,62,52073.96,38.42,75174.4,0
202,8,142417.28,37560.19,29682.69,75174.4,41178.15,140183.0,157,75174.4,52.78,50938.33,0
202,9,132136.42,39715.32,41482.77,50938.33,32369.58,100592.48,79,50938.33,38.55,50828.15,0
202,10,128475.25,48181.66,29465.43,50828.15,30533.76,36301.61,254,50828.15,39.56,51002.66,0
202,11,136225.47,43148.14,42074.66,51002.66,39289.67,15691.71,76,51002.66,37.44,50696.03,0
203,1,388955.18,216605.88,189954.52,-17605.23,94498.43,99784.89,410,-17605.23,-4.53,-150016.32,1
203,2,343309.02,322806.6,170518.74,-150016.32,54154.5,125437.6,151,-150016.32,-43.7,-92184.17,1
203,3,390239.86,277482.51,204941.52,-92184.17,96044.03,297226.08,237,-92184.17,-23.62,-60756.26,1
203,4,417537.84,254307.79,223986.31,-60756.26,104859.06,346989.66,288,-60756.26,-14.55,-73481.62,1
203,5,388824.39,312204.23,150101.77,-73481.62,61568.26,239159.67,189,-73481.62,-18.9,-111882.5,1
203,6,381491.25,267551.23,225822.52,-111882.5,85066.01,341661.09,169,-111882.5,-29.33,-84174.65,1
203,7,369417.59,284834.74,168757.5,-84174.65,94038.69,364439.45,364,-84174.65,-22.79,-62034.2,1
203,8,385418.05,233974.73,213477.51,-62034.2,43575.29,45277.48,259,-62034.2,-16.1,16796.08,0
203,9,360812.0,197514.32,146501.59,16796.08,43167.79,170196.0,157,16796.08,4.66,-99214.2,1
203,10,354749.13,274989.07,178974.26,-99214.2,95575.56,234314.53,155,-99214.2,-27.97,-198526.22,1
203,11,300541.04,353194.19,145873.07,-198526.22,86240.63,86305.65,126,-198526.22,-66.06,-149507.74,1
204,1,431524.35,151582.6,102037.65,177904.1,107207.66,35260.57,222,177904.1,41.23,145910.9,0
204,2,394345.52,113498.38,134936.24,145910.9,23008.7,170853.78,162,145910.9,37.0,47400.64,0
204,3,394365.47,232652.01,114312.83,47400.64,74118.72,170608.39,448,47400.64,12.02,156618.24,0
204,4,434145.65,158854.03,118673.38,156618.24,39255.16,273774.5,236,156618.24,36.08,126869.97,0
204,5,390503.38,132498.09,131135.32,126869.97,40101.47,305975.81,457,126869.97,32.49,211835.23,0
204,6,426364.21,122819.46,91709.52,211835.23,65056.26,47305.1,190,211835.23,49.68,183066.58,0
204,7,464834.37,142096.55,139671.24,183066.58,111712.92,385966.87,252,183066.58,39.38,151086.0,0
204,8,420900.14,136245.52,133568.62,151086.0,32778.64,67564.24,175,151086.0,35.9,190413.61,0
204,9,424672.84,121883.57,112375.66,190413.61,38100.29,318667.77,225,190413.61,44.84,154263.08,0
204,10,402088.97,133277.39,114548.5,154263.08,63927.04,53173.38,360,154263.08,38.37,146698.57,0
204,11,416152.45,150399.79,119054.09,146698.57,82690.36,319446.39,535,146698.57,35.25,-5072.75,1
205,1,474011.31,174925.71,181129.59,117956.01,75360.04,467438.93,772,117956.01,24.88,35327.56,0
205,2,391524.41,193243.12,162953.73,35327.56,114603.83,67799.45,170,35327.56,9.02,31315.27,0
205,3,373658.57,198163.78,144179.52,31315.27,55005.95,320742.64,210,31315.27,8.38,84269.59,0
205,4,439228.84,166120.45,188838.81,84269.59,67193.52,93020.24,807,84269.59,19.19,63871.15,0
205,5,416401.47,185845.05,166685.27,63871.15,92145.61,299413.53,342,63871.15,15.34,16241.77,0
205,6,361238.68,190096.08,154900.83,16241.77,43108.41,18271.83,161,16241.77,4.5,57966.88,0
205,7,405614.92,172313.75,175334.3,57966.88,107523.48,74330.86,298,57966.88,14.29,-89808.25,1
205,8,414157.1,347447.49,156517.86,-89808.25,75277.61,355061.91,668,-89808.25,-21.68,43176.01,0
205,9,385195.98,164609.0,177410.98,43176.01,38967.73,43042.09,584,43176.01,11.21,41635.97,0
205,10,381876.41,191705.56,148534.88,41635.97,84231.16,68200.96,485,41635.97,10.9,-12052.61,1
205,11,437676.82,311649.2,138080.23,-12052.61,22892.93,117546.42,326,-12052.61,-2.75,134719.81,0
206,1,166722.2,48261.78,49925.68,68534.73,27101.27,127033.73,93,68534.73,41.11,73407.0,0
206,2,155659.55,49957.58,32294.97,73407.0,21918.87,40980.48,64,73407.0,47.16,46409.98,0
206,3,148933.11,50809.75,51713.38,46409.98,43673.45,142108.88,289,46409.98,31.16,55925.17,0
206,4,140498.91,50742.98,33830.76,55925.17,41468.65,12278.4,85,55925.17,39.8,15176.42,0
206,5,137773.45,93795.24,28801.79,15176.42,24289.82,10824.67,56,15176.42,11.02,56149.29,0
206,6,150022.34,52268.81,41604.24,56149.29,32183.5,59402.77,78,56149.29,37.43,47592.33,0
206,7,139745.33,53996.07,38156.92,47592.33,40367.61,65163.08,71,47592.33,34.06,62325.16,0
206,8,145974.75,50838.69,32810.89,62325.16,24217.37,62045.61,62,62325.16,42.7,60891.66,0
206,9,157042.95,59195.28,36956.0,60891.66,10541.77,141696.18,174,60891.66,38.77,67254.67,0
206,10,145899.46,43210.04,35434.75,67254.67,31662.41,139539.39,125,67254.67,46.1,53296.19,0
206,11,153927.19,48464.08,52166.91,53296.19,21077.82,149770.21,113,53296.19,34.62,68746.48,0
207,1,262423.74,72693.34,74394.74,115335.66,23147.62,21281.94,264,115335.66,43.95,78861.03,0
207,2,282931.66,112312.01,91758.62,78861.03,79875.07,133830.96,114,78861.03,27.87,108433.98,0
207,3,272742.08,94288.91,70019.19,108433.98,34433.38,173742.8,259,108433.98,39.76,111841.11,0
207,4,275787.39,71055.47,92890.81,111841.11,80722.84,201518.07,147,111841.11,40.55,130242.11,0
207,5,272362.36,75821.68,66298.57,130242.11,25395.71,252406.24,176,130242.11,47.82,123216.14,0
207,6,289152.96,103324.6,62612.22,123216.14,83747.27,87567.79,264,123216.14,42.61,118208.4,0
207,7,282347.83,80465.93,83673.51,118208.4,53205.33,46939.36,134,118208.4,41.87,121526.95,0
207,8,283182.37,104101.86,57553.56,121526.95,19027.77,227253.99,143,121526.95,42.91,128828.0,0
207,9,283835.62,90385.86,64621.76,128828.0,51249.59,28572.1,147,128828.0,45.39,100318.31,0
207,10,291485.61,96625.73,94541.57,100318.31,80400.56,291124.04,124,100318.31,34.42,128737.88,0
207,11,295666.89,99362.3,67566.71,128737.88,67467.71,291561.82,186,128737.88,43.54,119865.54,0
208,1,252293.72,131445.58,115905.03,4943.1,14001.21,138810.21,414,4943.1,1.96,24457.2,0
208,2,254402.53,117069.56,112875.77,24457.2,56915.13,121364.31,119,24457.2,9.61,21984.81,0
208,3,211180.42,87935.17,101260.44,21984.81,31980.84,18558.52,171,21984.81,10.41,7312.9,0
208,4,262326.89,136390.41,118623.57,7312.9,40205.31,62106.07,108,7312.9,2.79,9220.84,0
208,5,283714.55,139803.67,134690.04,9220.84,16487.09,277057.51,126,9220.84,3.25,28113.85,0
208,6,265233.3,113145.73,123973.72,28113.85,65851.75,68869.54,147,28113.85,10.6,26245.8,0
208,7,256507.38,116078.29,114183.29,26245.8,52993.64,188026.14,326,26245.8,10.23,46770.55,0
208,8,261640.61,98903.71,115966.35,46770.55,71244.84,90617.12,447,46770.55,17.88,28869.97,0
208,9,281342.17,129619.49,122852.71,28869.97,62783.81,25810.48,227,28869.97,10.26,79529.89,0
208,10,276172.89,108304.9,88338.1,79529.89,27017.35,269123.53,257,79529.89,28.8,48418.47,0
208,11,266205.73,115486.23,102301.02,48418.47,41031.26,95897.2,248,48418.47,18.19,34401.39,0
209,1,178813.74,64601.93,62492.45,51719.36,46006.6,170558.85,222,51719.36,28.92,70187.04,0
209,2,180775.23,58690.32,51897.87,70187.04,46974.59,139974.01,93,70187.04,38.83,85596.68,0
209,3,178712.3,53068.33,40047.29,85596.68,35539.42,148990.15,112,85596.68,47.9,88533.7,0
209,4,189835.31,53722.74,47578.86,88533.7,55666.11,10507.69,76,88533.7,46.64,87722.47,0
209,5,180233.4,55753.38,36757.55,87722.47,51605.16,11368.48,113,87722.47,48.67,6636.38,0
209,6,175372.14,126127.44,42608.32,6636.38,34682.94,159062.73,93,6636.38,3.78,64610.55,0
209,7,175692.9,60755.76,50326.58,64610.55,45941.91,116361.21,83,64610.55,36.77,72514.12,0
209,8,179762.43,66144.41,41103.9,72514.12,17960.42,108604.27,96,72514.12,40.34,58128.52,0
209,9,185806.36,69976.24,57701.6,58128.52,24287.68,24851.03,301,58128.52,31.28,53889.08,0
209,10,172381.8,65129.28,53363.45,53889.08,23257.59,70833.39,71,53889.08,31.26,67994.98,0
209,11,174804.32,63171.75,43637.59,67994.98,39665.48,97549.12,85,67994.98,38.9,73588.88,0
210,1,219597.65,152473.35,99683.85,-32559.55,54248.52,37375.39,127,-32559.55,-14.83,-90171.68,1
210,2,246542.42,213717.12,122996.97,-90171.68,33919.15,99419.91,126,-90171.68,-36.57,-76021.41,1
210,3,288673.17,207542.71,157151.87,-76021.41,35491.98,153620.72,243,-76021.41,-26.33,-18265.6,1
210,4,222969.62,160215.55,81019.68,-18265.6,40952.09,100649.98,208,-18265.6,-8.19,-52323.21,1
210,5,235163.31,153654.58,133831.94,-52323.21,38627.06,13571.95,169,-52323.21,-22.25,-125205.72,1
210,6,228186.32,235317.1,118074.94,-125205.72,36741.69,110083.04,111,-125205.72,-54.87,-69299.97,1
210,7,212694.57,160501.82,121492.72,-69299.97,19298.65,55218.41,219,-69299.97,-32.58,-59427.5,1
210,8,221753.07,152112.23,129068.34,-59427.5,25839.1,91986.34,126,-59427.5,-26.8,-59112.74,1
210,9,174448.91,161957.56,71604.08,-59112.74,12716.98,64462.99,85,-59112.74,-33.89,-60673.82,1
210,10,195923.92,158100.54,98497.21,-60673.82,53147.0,84105.67,150,-60673.82,-30.97,-36464.24,1
210,11,202993.93,161381.29,78076.88,-36464.24,13939.56,39512.18,344,-36464.24,-17.96,-41621.44,1
211,1,174866.59,60923.72,56056.3,57886.56,33254.6,160367.7,106,57886.56,33.1,87108.38,0
211,2,186435.73,52442.66,46884.68,87108.38,16541.4,117807.59,74,87108.38,46.72,62420.04,0
211,3,173149.69,51903.69,58825.96,62420.04,29104.67,66791.43,90,62420.04,36.05,95690.09,0
211,4,197334.08,58642.83,43001.17,95690.09,31292.05,57748.01,211,95690.09,48.49,14063.07,0
211,5,173435.59,114030.28,45342.24,14063.07,38679.06,41891.44,285,14063.07,8.11,71401.48,0
211,6,188101.16,64453.98,52245.7,71401.48,45738.27,180941.74,306,71401.48,37.96,103004.81,0
211,7,196178.79,51883.86,41290.12,103004.81,30760.62,30342.46,140,103004.81,52.51,89532.23,0
211,8,192244.91,64254.09,38458.58,89532.23,27644.59,19352.01,250,89532.23,46.57,76404.17,0
211,9,180679.56,64543.36,39732.03,76404.17,47656.98,120857.43,307,76404.17,42.29,65772.72,0
211,10,170886.14,54016.78,51096.65,65772.72,49207.02,72783.48,98,65772.72,38.49,77053.09,0
211,11,168887.94,45695.16,46139.68,77053.09,49390.0,146717.03,185,77053.09,45.62,72895.79,0
212,1,309694.94,100190.53,96829.4,112675.02,22180.7,231837.41,142,112675.02,36.38,93808.12,0
212,2,285416.03,110036.35,81571.56,93808.12,67932.18,56501.61,344,93808.12,32.87,97438.8,0
212,3,295906.62,94993.8,103474.01,97438.8,68520.33,209717.06,325,97438.8,32.93,134005.7,0
212,4,291746.17,75496.93,82243.54,134005.7,87396.34,113979.54,127,134005.7,45.93,79001.81,0
212,5,321033.33,175273.66,66757.86,79001.81,45814.19,243507.31,379,79001.81,24.61,118555.72,0
212,6,285128.24,97193.93,69378.59,118555.72,71167.73,224294.36,183,118555.72,41.58,149123.12,0
212,7,311568.29,86589.53,75855.64,149123.12,68094.04,218697.33,172,149123.12,47.86,137114.14,0
212,8,290106.31,90611.87,62380.3,137114.14,51329.3,126667.26,172,137114.14,47.26,133931.67,0
212,9,294298.32,91476.39,68890.27,133931.67,80381.08,163106.38,200,133931.67,45.51,89651.31,0
212,10,295055.25,104279.0,101124.94,89651.31,76237.45,178454.79,372,89651.31,30.38,121558.25,0
212,11,296532.45,104876.58,70097.62,121558.25,65583.46,141239.51,133,121558.25,40.99,94751.55,0
213,1,119033.06,82005.15,41780.65,-4752.75,25419.15,21335.09,110,-4752.75,-3.99,8794.69,0
213,2,148222.07,87427.62,51999.76,8794.69,15650.64,23872.85,183,8794.69,5.93,-30006.85,1
213,3,148049.67,92599.48,85457.03,-30006.85,37877.9,95769.56,60,-30006.85,-20.27,-42302.68,1
213,4,154157.32,135955.47,60504.53,-42302.68,22106.58,151650.15,269,-42302.68,-27.44,-8893.16,1
213,5,122323.4,70741.86,60474.7,-8893.16,22629.25,51737.9,141,-8893.16,-7.27,-45631.85,1
213,6,153322.08,113506.36,85447.57,-45631.85,27285.1,64215.6,108,-45631.85,-29.76,-25113.24,1
213,7,119797.76,83235.69,61675.31,-25113.24,15848.88,52723.91,53,-25113.24,-20.96,-21258.74,1
213,8,106714.49,64893.31,63079.91,-21258.74,17706.06,86176.04,54,-21258.74,-19.92,-17397.07,1
213,9,132846.95,93944.66,56299.37,-17397.07,26378.29,38326.18,160,-17397.07,-13.1,-6439.89,1
213,10,130992.76,88898.97,48533.67,-6439.89,10445.88,20578.18,198,-6439.89,-4.92,-28458.56,1
213,11,131174.63,94508.85,65124.34,-28458.56,18645.85,46498.55,97,-28458.56,-21.7,-20326.86,1
214,1,424561.46,227305.16,129442.96,67813.34,96590.14,231119.63,331,67813.34,15.97,70046.05,0
214,2,386202.24,175221.36,140934.83,70046.05,28287.41,247195.1,367,70046.05,18.14,-126791.88,1
214,3,397458.95,371104.41,153146.42,-126791.88,80627.61,63564.67,261,-126791.88,-31.9,91836.4,0
214,4,385108.72,173087.45,120184.87,91836.4,97078.82,293282.49,425,91836.4,23.85,56157.65,0
214,5,383724.88,206943.47,120623.76,56157.65,76469.11,109464.27,187,56157.65,14.63,93934.25,0
214,6,425043.84,202056.97,129052.61,93934.25,73477.14,100407.15,170,93934.25,22.1,68953.41,0
214,7,386325.26,177019.71,140352.13,68953.41,109168.9,151009.59,182,68953.41,17.85,71004.61,0
214,8,415224.91,186718.96,157501.33,71004.61,73744.43,205137.7,225,71004.61,17.1,10276.82,0
214,9,368544.65,197690.73,160577.1,10276.82,43406.43,208817.65,150,10276.82,2.79,91116.99,0
214,10,358496.92,148324.8,119055.14,91116.99,52683.01,72272.4,157,91116.99,25.42,9235.21,0
214,11,397094.46,200507.03,187352.22,9235.21,24238.25,79320.62,618,9235.21,2.33,115400.81,0
215,1,71495.68,24333.87,20602.57,26559.25,14303.17,31405.16,31,26559.25,37.15,18693.74,0
215,2,62735.65,24266.0,19775.91,18693.74,4939.69,8184.46,28,18693.74,29.8,21043.38,0
215,3,63842.02,24079.23,18719.42,21043.38,6559.98,3578.88,33,21043.38,32.96,20547.82,0
215,4,61398.43,19821.98,21028.63,20547.82,4653.27,12492.39,40,20547.82,33.47,25930.69,0
215,5,68360.61,25555.73,16874.19,25930.69,18822.97,6486.02,37,25930.69,37.93,29356.71,0
215,6,69333.96,17782.43,22194.81,29356.71,18951.68,15723.94,92,29356.71,42.34,23996.17,0
215,7,62818.31,21417.57,17404.57,23996.17,14750.85,51108.67,25,23996.17,38.2,30279.25,0
215,8,68815.07,21286.62,17249.2,30279.25,6552.31,24429.39,27,30279.25,44.0,9752.66,0
215,9,67931.58,41804.38,16374.55,9752.66,10841.13,14628.92,79,9752.66,14.36,-5258.61,1
215,10,67381.52,55251.11,17389.03,-5258.61,10190.65,41203.48,29,-5258.61,-7.8,28134.0,0
215,11,72758.4,28172.99,16451.41,28134.0,5817.62,22654.86,34,28134.0,38.67,21076.34,0
216,1,383320.17,252460.46,160949.23,-30089.51,63583.38,209228.97,159,-30089.51,-7.85,-76596.5,1
216,2,446313.25,299109.12,223800.64,-76596.5,108548.4,394247.77,335,-76596.5,-17.16,-111300.56,1
216,3,539397.36,368931.69,281766.24,-111300.56,38609.83,405253.53,515,-111300.56,-20.63,-93055.48,1
216,4,407794.95,287190.51,213659.92,-93055.48,76460.43,357044.64,201,-93055.48,-22.82,-96429.9,1
216,5,380932.3,259282.25,218079.94,-96429.9,50204.8,141932.16,166,-96429.9,-25.31,-73055.23,1
216,6,385735.19,247623.02,211167.4,-73055.23,74695.52,297539.69,568,-73055.23,-18.94,-54740.54,1
216,7,432670.25,330912.45,156498.34,-54740.54,40266.98,321689.63,497,-54740.54,-12.65,-68702.41,1
216,8,393049.02,259008.82,202742.61,-68702.41,114102.91,63170.58,204,-68702.41,-17.48,22431.21,0
216,9,374847.66,208483.62,143932.82,22431.21,103044.24,282905.87,153,22431.21,5.98,-36535.03,1
216,10,334127.56,233527.14,137135.45,-36535.03,43979.07,230319.46,213,-36535.03,-10.93,25798.52,0
216,11,350352.81,182763.47,141790.82,25798.52,27371.13,258566.27,275,25798.52,7.36,-60153.89,1
217,1,430899.9,323795.3,183202.68,-76098.09,54382.79,288236.98,217,-76098.09,-17.66,-161350.9,1
217,2,387561.69,316883.32,232029.27,-161350.9,106139.93,352858.41,158,-161350.9,-41.63,-37630.78,1
217,3,400633.99,290518.12,147746.65,-37630.78,115176.52,148962.29,207,-37630.78,-9.39,-47489.17,1
217,4,457025.94,332272.15,172242.96,-47489.17,123570.36,53280.71,418,-47489.17,-10.39,-71901.22,1
217,5,402219.55,304589.18,169531.58,-71901.22,99875.44,147315.99,278,-71901.22,-17.88,21015.19,0
217,6,400715.13,237874.84,141825.11,21015.19,76573.37,379422.46,167,21015.19,5.24,-17643.22,1
217,7,438189.6,231470.86,224361.95,-17643.22,116595.53,31204.53,212,-17643.22,-4.03,-89356.38,1
217,8,400321.13,299988.42,189689.08,-89356.38,108532.81,311846.07,242,-89356.38,-22.32,-117780.42,1
217,9,399232.62,279609.73,237403.31,-117780.42,26176.45,314477.67,166,-117780.42,-29.5,-88298.92,1
217,10,413991.71,315008.94,187281.69,-88298.92,112976.71,174919.65,255,-88298.92,-21.33,-239906.74,1
217,11,535524.25,460659.6,314771.39,-239906.74,71427.73,274956.15,231,-239906.74,-44.8,-169665.93,1
218,1,286038.96,153020.64,98885.11,34133.22,77516.03,35468.57,467,34133.22,11.93,52669.18,0
218,2,298011.64,118209.43,127133.03,52669.18,29074.01,144792.59,172,52669.18,17.67,9326.09,0
218,3,244519.67,115587.35,119606.23,9326.09,60084.85,97433.65,234,9326.09,3.81,23441.66,0
218,4,239886.29,105754.72,110689.91,23441.66,62773.77,237327.52,372,23441.66,9.77,41357.17,0
218,5,241518.87,126587.99,73573.71,41357.17,23227.75,225811.06,131,41357.17,17.12,-6872.23,1
218,6,255741.46,136158.3,126455.39,-6872.23,27768.35,59854.33,270,-6872.23,-2.69,23468.56,0
218,7,265073.65,126814.27,114790.83,23468.56,66662.37,147631.01,372,23468.56,8.85,-79502.52,1
218,8,250449.89,207078.29,122874.11,-79502.52,43047.08,47371.9,112,-79502.52,-31.74,27133.78,0
218,9,282079.61,136582.63,118363.19,27133.78,29667.97,26792.2,287,27133.78,9.62,28238.74,0
218,10,247096.54,103555.37,115302.43,28238.74,58970.93,115510.26,119,28238.74,11.43,15141.27,0
218,11,269302.85,138275.93,115885.65,15141.27,28820.45,31382.79,171,15141.27,5.62,1225.5,0
219,1,159100.21,85195.1,59918.53,13986.58,15100.32,109196.9,120,13986.58,8.79,43423.61,0
219,2,166826.72,63604.84,59798.27,43423.61,13406.42,8886.92,71,43423.61,26.03,5643.92,0
219,3,142439.56,69752.11,67043.53,5643.92,16184.08,123716.56,93,5643.92,3.96,22356.99,0
219,4,146299.48,62358.42,61584.07,22356.99,29034.22,135214.83,83,22356.99,15.28,-14465.89,1
219,5,158187.61,108356.66,64296.83,-14465.89,38211.47,107314.76,189,-14465.89,-9.14,39254.28,0
219,6,167754.4,73409.83,55090.28,39254.28,12966.14,112650.98,97,39254.28,23.4,14327.02,0
219,7,132743.12,57184.58,61231.52,14327.02,31155.11,101194.38,168,14327.02,10.79,24086.57,0
219,8,152561.59,56420.22,72054.8,24086.57,33613.83,95444.13,123,24086.57,15.79,13122.54,0
219,9,164044.55,87371.26,63550.75,13122.54,19305.66,11896.51,106,13122.54,8.0,-1507.97,1
219,10,141001.16,77218.89,65290.24,-1507.97,28946.27,71540.33,56,-1507.97,-1.07,21795.72,0
219,11,165828.48,83307.08,60725.67,21795.72,24224.61,29751.64,136,21795.72,13.14,3338.56,0
220,1,107507.57,48820.78,39909.35,18777.44,14193.92,50211.64,47,18777.44,17.47,8327.42,0
220,2,119625.89,59431.51,51866.96,8327.42,6036.02,44683.04,56,8327.42,6.96,16675.79,0
220,3,132473.17,51790.12,64007.27,16675.79,11461.26,97758.71,203,16675.79,12.59,19663.64,0
220,4,101067.35,47472.3,33931.42,19663.64,5157.46,95388.81,46,19663.64,19.46,30766.82,0
220,5,122764.21,48685.79,43311.6,30766.82,9646.99,76287.6,94,30766.82,25.06,25207.56,0
220,6,113826.35,44182.85,44435.94,25207.56,27933.27,19977.19,51,25207.56,22.15,30928.71,0
220,7,119853.6,49941.07,38983.82,30928.71,26162.27,36980.5,233,30928.71,25.81,23656.72,0
220,8,123433.05,51559.09,48217.25,23656.72,27273.31,13416.57,85,23656.72,19.17,32750.46,0
220,9,113472.38,40656.96,40064.96,32750.46,24107.2,96975.56,100,32750.46,28.86,10464.54,0
220,10,118403.11,55123.55,52815.01,10464.54,7883.44,31699.55,52,10464.54,8.84,12915.64,0
220,11,128097.15,57282.44,57899.07,12915.64,36914.34,101763.84,143,12915.64,10.08,24555.86,0
221,1,201459.45,78903.03,92427.13,30129.3,54953.26,71591.43,153,30129.3,14.96,11728.68,0
221,2,169254.55,86604.24,70921.62,11728.68,47672.32,94651.16,110,11728.68,6.93,9300.2,0
221,3,157434.71,81720.8,66413.72,9300.2,19542.94,132593.56,189,9300.2,5.91,40787.94,0
221,4,135485.85,48860.25,45837.67,40787.94,16336.58,93077.14,144,40787.94,30.1,35071.54,0
221,5,160293.92,60822.0,64400.37,35071.54,42460.56,155535.72,89,35071.54,21.88,15506.99,0
221,6,172621.3,83749.46,73364.85,15506.99,14980.09,97798.94,135,15506.99,8.98,-44439.42,1
221,7,184031.52,160030.07,68440.87,-44439.42,14654.8,54399.44,80,-44439.42,-24.15,29890.26,0
221,8,132064.64,58972.41,43201.97,29890.26,10428.75,31722.61,218,29890.26,22.63,20903.85,0
221,9,187416.12,87559.66,78952.61,20903.85,25483.62,159862.2,277,20903.85,11.15,13490.59,0
221,10,165172.31,86151.59,65530.13,13490.59,21390.08,61427.72,82,13490.59,8.17,-38319.08,1
221,11,159580.68,147328.96,50570.8,-38319.08,36812.9,153650.95,121,-38319.08,-24.01,40099.89,0
222,1,125919.91,133105.57,71776.13,-78961.79,21126.59,43007.76,56,-78961.79,-62.71,-32807.58,1
222,2,118811.67,84546.61,67072.65,-32807.58,34903.95,75007.97,140,-32807.58,-27.61,-25386.86,1
222,3,128691.23,104230.78,49847.31,-25386.86,23551.07,41725.18,170,-25386.86,-19.73,-15591.34,1
222,4,130799.28,89006.22,57384.4,-15591.34,10009.57,54620.81,92,-15591.34,-11.92,-33142.63,1
222,5,148057.99,118684.85,62515.77,-33142.63,7455.52,88902.93,69,-33142.63,-22.38,4337.45,0
222,6,140623.37,86944.99,49340.94,4337.45,21299.24,95416.42,58,4337.45,3.08,-15332.02,1
222,7,117456.9,70419.69,62369.23,-15332.02,26857.96,46866.25,147,-15332.02,-13.05,-24396.73,1
222,8,117541.54,92132.89,49805.38,-24396.73,14476.71,71597.4,151,-24396.73,-20.76,-25419.85,1
222,9,119691.51,87355.3,57756.06,-25419.85,7314.85,58259.23,86,-25419.85,-21.24,-29957.7,1
222,10,129793.68,82527.67,77223.7,-29957.7,19533.82,69587.61,64,-29957.7,-23.08,-13448.26,1
222,11,134859.27,84812.09,63495.44,-13448.26,32734.24,28114.37,64,-13448.26,-9.97,-33225.38,1
223,1,66368.81,46281.75,23503.23,-3416.18,14029.93,26281.05,44,-3416.18,-5.15,-25144.29,1
223,2,85553.18,67245.48,43451.99,-25144.29,10560.4,83792.77,62,-25144.29,-29.39,-23475.35,1
223,3,71997.1,59403.19,36069.25,-23475.35,4123.41,67275.83,30,-23475.35,-32.61,-21011.23,1
223,4,47163.65,40540.68,27634.21,-21011.23,12315.73,29265.94,61,-21011.23,-44.55,-12829.15,1
223,5,76036.7,45756.31,43109.54,-12829.15,10473.17,7529.34,103,-12829.15,-16.87,-8520.5,1
223,6,72666.11,40533.27,40653.34,-8520.5,3818.15,51654.44,41,-8520.5,-11.73,-12923.47,1
223,7,63407.94,42720.13,33611.29,-12923.47,10887.61,18152.42,75,-12923.47,-20.38,-16987.81,1
223,8,84713.13,60655.38,41045.57,-16987.81,24707.72,72535.25,37,-16987.81,-20.05,-2148.22,1
223,9,90336.18,59111.69,33372.71,-2148.22,11001.69,77287.39,112,-2148.22,-2.38,-21389.24,1
223,10,67795.19,63339.14,25845.29,-21389.24,10181.74,34186.2,42,-21389.24,-31.55,-13507.37,1
223,11,74698.27,56156.75,32048.88,-13507.37,9939.91,70961.23,34,-13507.37,-18.08,-19404.6,1
224,1,146284.15,46127.76,50452.9,49703.49,8558.23,66682.63,88,49703.49,33.98,66162.62,0
224,2,156004.49,45963.24,43878.63,66162.62,19959.63,53658.63,106,66162.62,42.41,47186.39,0
224,3,153195.04,52451.11,53557.54,47186.39,31818.99,8332.37,89,47186.39,30.8,62093.71,0
224,4,153927.52,48804.3,43029.51,62093.71,14505.86,120289.69,95,62093.71,40.34,68228.48,0
224,5,155349.53,39135.04,47986.01,68228.48,28061.75,50789.08,135,68228.48,43.92,67116.45,0
224,6,153147.08,38635.17,47395.46,67116.45,32710.62,135390.16,66,67116.45,43.82,70727.2,0
224,7,167839.13,42236.68,54875.25,70727.2,9241.58,94943.9,72,70727.2,42.14,74319.03,0
224,8,158160.9,43843.5,39998.38,74319.03,21982.01,14201.54,149,74319.03,46.99,68544.15,0
224,9,159367.92,48259.38,42564.38,68544.15,12776.26,157907.93,74,68544.15,43.01,59946.12,0
224,10,150843.03,49949.87,40947.05,59946.12,19852.12,14747.73,115,59946.12,39.74,67448.41,0
224,11,152042.16,40793.63,43800.11,67448.41,42027.66,66269.29,165,67448.41,44.36,-422.12,1
225,1,425669.14,149816.48,116427.03,159425.63,118388.18,293518.09,267,159425.63,37.45,217660.66,0
225,2,459568.21,140697.31,101210.24,217660.66,116461.0,77909.64,308,217660.66,47.36,168517.99,0
225,3,404440.68,148996.47,86926.22,168517.99,20384.09,163529.97,373,168517.99,41.67,-51100.42,1
225,4,447435.23,358993.33,139542.31,-51100.42,97921.22,142122.46,842,-51100.42,-11.42,159274.13,0
225,5,445260.83,165856.7,120130.0,159274.13,110107.27,143709.17,203,159274.13,35.77,232695.82,0
225,6,441486.36,118101.45,90689.08,232695.82,59793.04,160239.42,235,232695.82,52.71,186363.43,0
225,7,442489.51,132194.66,123931.43,186363.43,44570.4,405782.88,244,186363.43,42.12,151163.56,0
225,8,471507.37,162092.1,158251.71,151163.56,39553.59,88559.33,232,151163.56,32.06,175442.59,0
225,9,454771.93,141751.29,137578.04,175442.59,136200.36,208981.78,192,175442.59,38.58,158937.57,0
225,10,459145.71,144456.29,155751.85,158937.57,110257.3,437773.36,256,158937.57,34.62,151243.76,0
225,11,437305.61,140433.26,145628.59,151243.76,108054.17,302582.42,462,151243.76,34.59,203521.01,0
226,1,70245.74,52441.09,33314.7,-15510.05,20412.35,4502.07,30,-15510.05,-22.08,1231.48,0
226,2,77098.53,49815.18,26051.87,1231.48,7167.14,5715.99,65,1231.48,1.6,700.84,0
226,3,80318.32,41266.06,38351.42,700.84,23021.43,4446.68,104,700.84,0.87,10477.77,0
226,4,78448.79,32056.78,35914.24,10477.77,16045.42,32483.65,42,10477.77,13.36,-15530.98,1
226,5,78632.03,68924.15,25238.86,-15530.98,14442.86,28749.97,57,-15530.98,-19.75,5800.71,0
226,6,71194.79,38554.88,26839.21,5800.71,11811.25,47390.53,135,5800.71,8.15,14385.94,0
226,7,73054.7,32344.45,26324.3,14385.94,20906.6,67086.0,39,14385.94,19.69,5775.51,0
226,8,69200.81,31235.64,32189.66,5775.51,17811.82,13836.95,125,5775.51,8.35,7459.92,0
226,9,80722.35,40692.9,32569.53,7459.92,16000.45,43591.04,32,7459.92,9.24,6768.44,0
226,10,79888.42,35797.37,37322.61,6768.44,5420.55,10597.71,43,6768.44,8.47,20555.63,0
226,11,85059.7,32231.26,32272.81,20555.63,10251.67,11388.1,34,20555.63,24.17,6503.52,0
227,1,106531.36,43550.65,39876.93,23103.78,29295.23,34282.47,104,23103.78,21.69,492.68,0
227,2,101749.3,54339.47,46917.15,492.68,24657.02,93342.92,154,492.68,0.48,12362.88,0
227,3,105135.81,50868.86,41904.07,12362.88,6153.02,81435.19,185,12362.88,11.76,26167.02,0
227,4,114392.85,50454.11,37771.72,26167.02,14689.78,55067.44,84,26167.02,22.87,18220.73,0
227,5,102648.16,52123.88,32303.55,18220.73,19285.9,97488.44,158,18220.73,17.75,36176.29,0
227,6,116670.22,41839.91,38654.03,36176.29,17471.16,97335.02,181,36176.29,31.01,8613.42,0
227,7,98304.84,46728.82,42962.61,8613.42,28110.39,36765.22,51,8613.42,8.76,19174.86,0
227,8,95584.26,43475.69,32933.71,19174.86,24331.88,40744.54,56,19174.86,20.06,13229.94,0
227,9,110823.07,45637.53,51955.6,13229.94,5951.29,33810.19,125,13229.94,11.94,19573.82,0
227,10,94285.28,42584.63,32126.83,19573.82,10403.69,68038.12,56,19573.82,20.76,13017.28,0
227,11,106652.38,45571.63,48063.46,13017.28,5955.94,59834.01,113,13017.28,12.21,15668.4,0
228,1,227372.82,183624.41,69565.63,-25817.22,34341.03,220363.42,215,-25817.22,-11.35,-26630.97,1
228,2,229136.56,188375.0,67392.53,-26630.97,19454.42,155906.65,111,-26630.97,-11.62,82029.99,0
228,3,222786.23,88285.03,52471.21,82029.99,55539.39,209925.72,130,82029.99,36.82,90363.17,0
228,4,234316.35,67684.18,76269.0,90363.17,13021.1,213870.24,141,90363.17,38.56,121975.44,0
228,5,232982.09,63313.38,47693.28,121975.44,56795.64,178901.79,136,121975.44,52.35,91103.1,0
228,6,223425.7,62871.82,69450.77,91103.1,39700.16,201699.48,157,91103.1,40.78,93974.23,0
228,7,236008.04,74981.76,67052.05,93974.23,26002.87,177023.96,120,93974.23,39.82,120078.27,0
228,8,232725.26,65636.32,47010.67,120078.27,45473.8,51660.46,218,120078.27,51.6,93567.53,0
228,9,220347.66,56319.12,70461.0,93567.53,28072.38,23261.4,149,93567.53,42.46,105541.93,0
228,10,235109.64,68517.52,61050.19,105541.93,22057.26,98191.26,96,105541.93,44.89,95068.65,0
228,11,221827.39,66412.08,60346.66,95068.65,33391.82,180975.78,303,95068.65,42.86,30581.38,0
229,1,286120.55,139414.34,124812.05,21894.16,52583.96,167207.91,150,21894.16,7.65,-22346.86,1
229,2,281170.12,217274.02,86242.96,-22346.86,66284.39,50480.19,161,-22346.86,-7.95,35539.79,0
229,3,265924.69,104543.68,125841.23,35539.79,76091.91,158455.6,355,35539.79,13.36,27425.54,0
229,4,232397.93,89281.26,115691.13,27425.54,14482.97,166999.28,175,27425.54,11.8,43608.95,0
229,5,257658.56,133462.19,80587.42,43608.95,32618.47,52268.62,169,43608.95,16.93,76492.39,0
229,6,266093.46,93755.51,95845.56,76492.39,33962.14,104424.76,183,76492.39,28.75,42217.63,0
229,7,306844.3,119075.3,145551.37,42217.63,70777.5,40645.93,564,42217.63,13.76,16559.9,0
229,8,282733.6,132546.23,133627.47,16559.9,29208.84,38450.05,148,16559.9,5.86,67935.29,0
229,9,258598.92,91967.62,98696.01,67935.29,58572.81,211908.3,150,67935.29,26.27,55283.74,0
229,10,288978.36,107550.85,126143.78,55283.74,79872.51,253747.7,261,55283.74,19.13,47760.17,0
229,11,290826.13,141244.14,101821.82,47760.17,47318.82,50404.61,404,47760.17,16.42,-82927.79,1
230,1,357373.96,183904.72,164273.67,9195.57,59266.83,311373.63,151,9195.57,2.57,86605.76,0
230,2,361773.49,150377.98,124789.75,86605.76,34307.55,321907.04,307,86605.76,23.94,93896.54,0
230,3,435316.3,197197.23,144222.53,93896.54,40550.06,332552.05,209,93896.54,21.57,56973.12,0
230,4,424113.64,160752.96,206387.57,56973.12,87885.14,279947.55,280,56973.12,13.43,82087.72,0
230,5,391067.63,182377.19,126602.72,82087.72,88260.37,223323.91,574,82087.72,20.99,96856.02,0
230,6,359676.66,151254.4,111566.24,96856.02,99490.8,18753.66,348,96856.02,26.93,48539.43,0
230,7,398245.65,201478.69,148227.54,48539.43,21190.21,138023.7,339,48539.43,12.19,99649.09,0
230,8,399170.24,152927.8,146593.35,99649.09,71878.52,141089.11,199,99649.09,24.96,79132.91,0
230,9,347302.21,144007.36,124161.94,79132.91,82725.79,32633.45,433,79132.91,22.79,-96156.12,1
230,10,408276.96,314556.61,189876.47,-96156.12,24953.34,325446.24,175,-96156.12,-23.55,20902.16,0
230,11,421492.34,207071.64,193518.54,20902.16,42714.86,221106.9,174,20902.16,4.96,32805.94,0
231,1,244886.27,155742.25,99816.91,-10672.89,42920.62,165543.93,130,-10672.89,-4.36,11428.21,0
231,2,224048.61,131176.51,81443.89,11428.21,46632.01,128733.06,134,11428.21,5.1,-106676.63,1
231,3,246561.3,205420.03,147817.89,-106676.63,24251.13,171945.33,103,-106676.63,-43.27,2037.44,0
231,4,190714.4,109721.41,78955.55,2037.44,28920.0,20894.83,84,2037.44,1.07,-13702.93,1
231,5,178236.55,116623.34,75316.14,-13702.93,33327.84,139887.42,96,-13702.93,-7.69,-96803.17,1
231,6,238838.78,220477.41,115164.54,-96803.17,45150.68,156955.14,258,-96803.17,-40.53,-146161.58,1
231,7,241447.82,292904.26,94705.14,-146161.58,45385.86,101158.38,110,-146161.58,-60.54,-3477.67,1
231,8,253649.29,135363.92,121763.03,-3477.67,15413.47,213059.55,116,-3477.67,-1.37,-29996.42,1
231,9,216756.17,170109.38,76643.21,-29996.42,39620.52,161280.0,314,-29996.42,-13.84,-46159.6,1
231,10,229791.53,178790.88,97160.26,-46159.6,53614.71,215328.51,192,-46159.6,-20.09,-47649.63,1
231,11,216534.24,148532.02,115651.85,-47649.63,11878.67,215936.04,290,-47649.63,-22.01,-51075.26,1
232,1,142037.02,53612.71,46886.75,41537.56,39688.49,86099.42,73,41537.56,29.24,51521.31,0
232,2,147003.07,45925.53,49556.23,51521.31,13476.99,87844.4,64,51521.31,35.05,59663.07,0
232,3,135900.31,44314.21,31923.03,59663.07,25057.95,31497.92,134,59663.07,43.9,55779.67,0
232,4,131473.22,35330.32,40363.23,55779.67,13813.44,69938.22,206,55779.67,42.43,47505.5,0
232,5,138747.84,53136.21,38106.12,47505.5,15507.31,30039.89,63,47505.5,34.24,58166.83,0
232,6,143221.44,40379.65,44674.96,58166.83,33950.42,130655.76,58,58166.83,40.61,-12908.24,1
232,7,131084.93,100836.18,43156.99,-12908.24,12493.86,130339.3,168,-12908.24,-9.85,47824.08,0
232,8,130553.42,43592.07,39137.27,47824.08,34180.79,37007.59,79,47824.08,36.63,57894.99,0
232,9,147602.34,44040.98,45666.37,57894.99,23177.36,132167.91,274,57894.99,39.22,65236.07,0
232,10,145671.85,45471.15,34964.63,65236.07,37822.8,103670.82,200,65236.07,44.78,48279.77,0
232,11,118142.69,32061.47,37801.46,48279.77,28411.48,27463.39,104,48279.77,40.87,70197.87,0
233,1,164197.79,120621.49,60752.61,-17176.3,10176.08,132979.71,127,-17176.3,-10.46,-11829.87,1
233,2,164964.88,111794.61,65000.14,-11829.87,43995.42,93540.43,285,-11829.87,-7.17,-54022.02,1
233,3,191056.75,154862.61,90216.16,-54022.02,53015.43,163185.23,99,-54022.02,-28.28,-48118.94,1
233,4,164960.25,132916.11,80163.07,-48118.94,22905.91,97395.46,162,-48118.94,-29.17,-12222.6,1
233,5,137355.01,90451.03,59126.59,-12222.6,32553.26,29728.84,101,-12222.6,-8.9,-953.67,1
233,6,159350.99,99009.47,61295.2,-953.67,16467.81,79787.37,71,-953.67,-0.6,-50719.1,1
233,7,159519.33,130095.11,80143.32,-50719.1,30829.93,21709.5,67,-50719.1,-31.79,-23300.23,1
233,8,170332.87,126182.2,67450.9,-23300.23,9264.09,110544.52,94,-23300.23,-13.68,-15465.4,1
233,9,145391.17,107915.61,52940.96,-15465.4,31086.62,130954.09,66,-15465.4,-10.64,-78934.84,1
233,10,173455.8,149347.44,103043.2,-78934.84,46281.65,128566.02,266,-78934.84,-45.51,-25416.13,1
233,11,191573.98,130894.37,86095.73,-25416.13,13781.9,166363.65,91,-25416.13,-13.27,-61341.62,1
234,1,101746.43,53274.02,41173.27,7299.14,26576.9,75776.46,51,7299.14,7.17,6830.61,0
234,2,94672.73,54312.14,33529.97,6830.61,8480.53,83923.85,96,6830.61,7.21,20063.29,0
234,3,98774.5,39258.09,39453.12,20063.29,29236.6,84442.49,178,20063.29,20.31,-38989.0,1
234,4,101280.77,95279.54,44990.24,-38989.0,21444.35,26115.18,50,-38989.0,-38.5,15109.25,0
234,5,97941.65,34473.96,48358.44,15109.25,8786.64,36688.0,119,15109.25,15.43,16848.17,0
234,6,91121.83,45863.76,28409.9,16848.17,26019.75,63128.89,98,16848.17,18.49,9079.71,0
234,7,95232.6,44847.41,41305.48,9079.71,13125.76,85363.78,143,9079.71,9.53,-24911.23,1
234,8,80367.94,68702.68,36576.49,-24911.23,20488.03,54472.56,152,-24911.23,-31.0,10408.78,0
234,9,94000.07,37293.4,46297.9,10408.78,11678.83,87722.05,47,10408.78,11.07,19507.85,0
234,10,89772.89,36530.51,33734.52,19507.85,26282.67,48605.88,39,19507.85,21.73,15049.79,0
234,11,105387.34,38021.37,52316.18,15049.79,14838.62,82832.98,52,15049.79,14.28,10291.48,0
235,1,152533.4,58294.27,34657.25,59581.88,43350.96,8900.78,78,59581.88,39.06,56509.34,0
235,2,149075.76,47540.26,45026.16,56509.34,44151.23,48356.4,71,56509.34,37.91,42347.63,0
235,3,146647.08,58117.28,46182.16,42347.63,30039.53,14255.19,141,42347.63,28.88,49353.05,0
235,4,138349.47,49495.71,39500.72,49353.05,30813.06,59287.72,250,49353.05,35.67,-4789.41,1
235,5,155834.13,119896.36,40727.19,-4789.41,36667.55,51352.24,107,-4789.41,-3.07,46695.6,0
235,6,148348.3,59158.11,42494.59,46695.6,30689.14,32788.12,165,46695.6,31.48,62808.55,0
235,7,148900.71,44166.69,41925.46,62808.55,36534.61,13638.52,78,62808.55,42.18,60444.81,0
235,8,149965.58,48830.18,40690.6,60444.81,14855.29,147328.32,83,60444.81,40.31,19019.59,0
235,9,158366.57,92616.76,46730.22,19019.59,37513.75,129477.18,157,19019.59,12.01,53466.03,0
235,10,137157.57,45387.0,38304.53,53466.03,14690.71,98488.3,136,53466.03,38.98,56277.39,0
235,11,149746.87,56989.43,36480.05,56277.39,11742.53,116576.26,117,56277.39,37.58,8502.75,0
236,1,145147.95,82496.69,31286.69,31364.57,12606.6,37591.32,277,31364.57,21.61,11527.37,0
236,2,137816.74,91848.04,34441.33,11527.37,26488.39,19595.33,81,11527.37,8.36,61628.07,0
236,3,134752.69,39670.85,33453.77,61628.07,29008.34,102628.03,135,61628.07,45.73,62486.63,0
236,4,137189.38,40918.87,33783.88,62486.63,41145.03,108248.75,55,62486.63,45.55,55637.31,0
236,5,133023.68,41032.7,36353.66,55637.31,34197.93,65414.65,121,55637.31,41.83,45699.68,0
236,6,149536.98,54764.78,49072.51,45699.68,32442.37,15830.63,95,45699.68,30.56,38955.85,0
236,7,128057.03,46277.32,42823.86,38955.85,29597.91,68996.36,176,38955.85,30.42,52094.57,0
236,8,144369.85,50203.01,42072.27,52094.57,40657.12,78685.28,58,52094.57,36.08,59460.24,0
236,9,131525.92,42163.35,29902.33,59460.24,29367.51,65107.11,189,59460.24,45.21,64786.62,0
236,10,138585.26,44388.33,29410.3,64786.62,34312.61,133632.4,173,64786.62,46.75,49253.68,0
236,11,155111.6,60240.92,45617.0,49253.68,24676.37,104238.78,81,49253.68,31.75,57615.7,0
237,1,54095.0,28239.82,21051.06,4804.13,11534.04,19142.08,54,4804.13,8.88,7654.88,0
237,2,62654.01,26220.15,28778.97,7654.88,7104.0,51811.99,102,7654.88,12.22,1071.04,0
237,3,58688.05,29124.42,28492.59,1071.04,9418.92,11351.85,27,1071.04,1.82,17094.78,0
237,4,70407.87,31130.21,22182.88,17094.78,8657.56,6790.4,30,17094.78,24.28,-19731.33,1
237,5,52363.66,47108.08,24986.92,-19731.33,12659.07,13061.12,35,-19731.33,-37.68,11101.49,0
237,6,60732.63,22340.94,27290.21,11101.49,4679.25,50143.12,29,11101.49,18.28,11134.63,0
237,7,68047.29,23817.21,33095.45,11134.63,13955.46,46369.22,41,11134.63,16.36,3181.85,0
237,8,56110.55,29253.39,23675.31,3181.85,10974.26,11927.21,24,3181.85,5.67,9272.42,0
237,9,67257.6,36796.39,21188.79,9272.42,7383.13,43643.8,31,9272.42,13.79,4392.91,0
237,10,66742.68,36258.77,26091.0,4392.91,18638.75,46663.75,67,4392.91,6.58,1520.18,0
237,11,63295.1,34654.75,27120.18,1520.18,6335.04,17961.55,26,1520.18,2.4,17613.44,0
238,1,331108.25,154431.16,162021.6,14655.49,80231.04,103437.94,336,14655.49,4.43,56997.21,0
238,2,390314.14,202068.53,131248.4,56997.21,62345.85,193044.36,276,56997.21,14.6,29107.42,0
238,3,410515.44,221093.53,160314.49,29107.42,119182.33,199316.95,272,29107.42,7.09,113039.08,0
238,4,407754.11,169809.55,124905.48,113039.08,87166.75,287649.57,794,113039.08,27.72,20952.18,0
238,5,391613.49,177850.9,192810.41,20952.18,94148.97,233416.3,205,20952.18,5.35,92326.63,0
238,6,438408.44,190077.89,156003.92,92326.63,63014.76,114760.26,201,92326.63,21.06,62028.42,0
238,7,431249.65,191822.57,177398.66,62028.42,124146.45,132870.34,192,62028.42,14.38,100513.11,0
238,8,390085.31,166987.99,122584.21,100513.11,114787.66,380566.45,518,100513.11,25.77,59907.29,0
238,9,414491.5,175640.34,178943.87,59907.29,44339.51,320485.27,404,59907.29,14.45,100544.34,0
238,10,412224.48,172346.75,139333.39,100544.34,67885.55,194242.07,241,100544.34,24.39,93830.71,0
238,11,322363.61,120995.35,107537.55,93830.71,52917.36,237283.71,487,93830.71,29.11,13852.55,0
239,1,336128.81,126801.63,84262.05,125065.12,68649.19,185180.89,291,125065.12,37.21,135271.24,0
239,2,322201.36,92328.98,94601.14,135271.24,89452.44,166596.4,211,135271.24,41.98,170994.92,0
239,3,383506.04,120315.77,92195.35,170994.92,76397.11,234680.66,222,170994.92,44.59,-16918.15,1
239,4,352725.3,282534.34,87109.11,-16918.15,29003.28,259510.14,530,-16918.15,-4.8,130504.82,0
239,5,349225.75,114662.01,104058.92,130504.82,49906.77,326081.69,252,130504.82,37.37,103619.6,0
239,6,356643.93,132094.33,120930.01,103619.6,97927.47,125372.85,147,103619.6,29.05,148498.0,0
239,7,367034.9,92594.08,125942.82,148498.0,88819.46,46778.04,380,148498.0,40.46,121146.28,0
239,8,366488.91,144520.96,100821.67,121146.28,95281.7,48733.27,274,121146.28,33.06,157525.54,0
239,9,333503.9,98768.46,77209.9,157525.54,70069.68,307965.87,219,157525.54,47.23,162722.11,0
239,10,337997.6,99606.6,75668.88,162722.11,98990.37,129012.88,312,162722.11,48.14,148490.89,0
239,11,383520.4,122078.54,112950.97,148490.89,111277.7,79306.44,153,148490.89,38.72,140993.57,0
240,1,100246.37,29687.67,24248.42,46310.28,27890.39,59110.05,64,46310.28,46.2,41728.57,0
240,2,97402.43,36134.57,19539.29,41728.57,16952.55,70134.0,66,41728.57,42.84,39007.67,0
240,3,107069.62,41083.9,26978.05,39007.67,24379.05,97333.43,106,39007.67,36.43,39456.37,0
240,4,98514.73,38390.37,20667.99,39456.37,15655.59,21574.28,149,39456.37,40.05,45500.39,0
240,5,94168.79,26790.42,21877.98,45500.39,14363.42,44282.55,42,45500.39,48.32,42876.98,0
240,6,94184.01,32181.56,19125.47,42876.98,22661.88,9756.86,70,42876.98,45.52,38323.07,0
240,7,104661.4,33633.21,32705.12,38323.07,25623.9,37314.85,76,38323.07,36.62,8117.31,0
240,8,101386.48,58903.77,34365.4,8117.31,22957.52,60699.96,101,8117.31,8.01,-10671.58,1
240,9,97313.35,76581.52,31403.42,-10671.58,14913.93,26174.63,64,-10671.58,-10.97,42091.4,0
240,10,94728.63,33055.6,19581.62,42091.4,22752.9,19691.54,113,42091.4,44.43,40788.67,0
240,11,104637.54,30428.65,33420.22,40788.67,25300.61,60270.11,89,40788.67,38.98,30234.9,0
241,1,367695.26,97844.37,76187.11,193663.78,53745.15,55800.29,181,193663.78,52.67,119513.76,0
241,2,357271.95,134825.31,102932.88,119513.76,19223.24,255721.81,223,119513.76,33.45,167913.14,0
241,3,360182.91,113505.94,78763.83,167913.14,67107.67,228546.65,152,167913.14,46.62,113824.92,0
241,4,350826.12,136730.11,100271.08,113824.92,104994.68,244447.3,266,113824.92,32.44,106115.87,0
241,5,308136.58,118092.04,83928.67,106115.87,80129.09,256713.43,158,106115.87,34.44,133220.86,0
241,6,366309.47,138549.84,94538.77,133220.86,95465.21,191675.09,485,133220.86,36.37,139698.79,0
241,7,356021.45,99889.94,116432.73,139698.79,88381.04,183125.19,181,139698.79,39.24,158070.23,0
241,8,358663.01,110184.2,90408.58,158070.23,21098.55,350055.13,199,158070.23,44.07,170362.38,0
241,9,374850.4,100614.02,103874.0,170362.38,40790.23,275951.44,273,170362.38,45.45,136907.7,0
241,10,324889.14,113018.77,74962.67,136907.7,95849.83,76518.8,183,136907.7,42.14,-32393.31,1
241,11,369646.36,300262.83,101776.84,-32393.31,94904.75,79643.74,278,-32393.31,-8.76,107521.21,0
242,1,159659.34,54086.62,40488.31,65084.41,10401.71,147216.11,189,65084.41,40.76,71294.79,0
242,2,178182.86,48783.27,58104.8,71294.79,13050.71,162731.38,170,71294.79,40.01,70335.73,0
242,3,165382.15,50788.72,44257.7,70335.73,29986.76,80775.67,68,70335.73,42.53,85836.83,0
242,4,172173.84,47821.87,38515.14,85836.83,11817.66,87592.9,117,85836.83,49.85,81005.36,0
242,5,174448.1,51005.4,42437.34,81005.36,15080.52,69048.39,93,81005.36,46.44,53534.66,0
242,6,169058.92,61085.12,54439.14,53534.66,9958.95,164993.32,319,53534.66,31.67,72565.73,0
242,7,168973.59,47241.69,49166.17,72565.73,13976.7,136486.8,184,72565.73,42.95,61573.2,0
242,8,177048.43,57319.71,58155.52,61573.2,19558.75,19410.28,223,61573.2,34.78,64530.88,0
242,9,167690.01,49121.44,54037.69,64530.88,25416.8,28808.89,176,64530.88,38.48,56475.96,0
242,10,167110.75,60231.88,50402.91,56475.96,8960.84,127542.4,110,56475.96,33.8,65928.7,0
242,11,172082.68,54550.24,51603.74,65928.7,20757.41,26182.5,125,65928.7,38.31,80690.49,0
243,1,119511.23,88568.5,48194.14,-17251.41,7564.62,108175.23,61,-17251.41,-14.43,12837.63,0
243,2,142099.26,78044.19,51217.44,12837.63,28528.35,68274.31,150,12837.63,9.03,39422.89,0
243,3,147177.08,58438.38,49315.81,39422.89,43305.87,112216.24,137,39422.89,26.79,27446.98,0
243,4,145110.51,62976.67,54686.86,27446.98,35239.03,88448.73,138,27446.98,18.91,5752.18,0
243,5,144232.64,78476.3,60004.15,5752.18,36530.72,53432.76,59,5752.18,3.99,28420.01,0
243,6,148121.52,52492.53,67208.98,28420.01,19955.98,98605.24,91,28420.01,19.19,9816.99,0
243,7,148270.1,69777.23,68675.88,9816.99,15886.66,68075.89,79,9816.99,6.62,25857.4,0
243,8,146517.33,56768.05,63891.87,25857.4,36467.26,12453.1,79,25857.4,17.65,7113.6,0
243,9,147996.25,72913.83,67968.81,7113.6,32376.1,48194.38,66,7113.6,4.81,16660.82,0
243,10,144128.68,71994.53,55473.33,16660.82,38471.15,140794.91,59,16660.82,11.56,37006.03,0
243,11,132836.24,49402.77,46427.44,37006.03,18625.3,84952.1,72,37006.03,27.86,19067.07,0
244,1,424780.78,212996.4,147025.08,64759.31,41904.21,309690.11,242,64759.31,15.25,77885.56,0
244,2,440853.66,224672.56,138295.54,77885.56,39066.29,101851.82,624,77885.56,17.67,54500.61,0
244,3,557525.8,289187.49,213837.7,54500.61,166045.69,309567.78,338,54500.61,9.78,-25486.26,1
244,4,530860.16,291539.63,264806.79,-25486.26,110810.0,269019.96,273,-25486.26,-4.8,26049.97,0
244,5,471448.51,242218.47,203180.06,26049.97,117543.86,214875.09,636,26049.97,5.53,32648.08,0
244,6,493266.89,270647.29,189971.52,32648.08,124298.54,474933.31,219,32648.08,6.62,116926.53,0
244,7,580966.62,235975.5,228064.59,116926.53,134630.44,35603.46,792,116926.53,20.13,-2408.42,1
244,8,534476.51,285817.86,251067.06,-2408.42,109163.92,173792.36,256,-2408.42,-0.45,102105.66,0
244,9,540440.53,229677.48,208657.39,102105.66,155113.53,513001.91,253,102105.66,18.89,15243.85,0
244,10,511137.92,274537.81,221356.26,15243.85,122700.0,183504.85,370,15243.85,2.98,87656.01,0
244,11,456507.43,221800.28,147051.14,87656.01,100861.89,360915.73,284,87656.01,19.2,94283.93,0
245,1,492476.16,229632.25,243862.43,18981.48,147561.26,299873.04,541,18981.48,3.85,46183.69,0
245,2,431460.48,194475.38,190801.41,46183.69,21628.03,228577.29,444,46183.69,10.7,37412.78,0
245,3,413037.04,174015.99,201608.28,37412.78,30461.77,47838.22,273,37412.78,9.06,76659.55,0
245,4,490781.41,234761.51,179360.35,76659.55,32027.62,424264.78,230,76659.55,15.62,72124.29,0
245,5,414530.1,206930.51,135475.3,72124.29,33011.2,199862.42,258,72124.29,17.4,119688.75,0
245,6,395741.74,155222.61,120830.38,119688.75,21766.31,385742.33,419,119688.75,30.24,104809.77,0
245,7,430203.24,155705.51,169687.96,104809.77,113432.03,320816.16,653,104809.77,24.36,130131.45,0
245,8,529441.75,207452.5,191857.8,130131.45,86947.45,521549.75,346,130131.45,24.58,67120.71,0
245,9,490386.75,254992.43,168273.61,67120.71,132570.57,104420.18,410,67120.71,13.69,-89.08,1
245,10,500673.66,272376.66,228386.08,-89.08,95621.38,217347.35,338,-89.08,-0.02,24236.75,0
245,11,408445.32,198076.62,186131.95,24236.75,36283.22,339709.18,404,24236.75,5.93,35857.07,0
246,1,433611.3,469164.04,196161.05,-231713.79,56182.62,79839.41,344,-231713.79,-53.44,-91041.42,1
246,2,465398.08,351469.12,204970.38,-91041.42,91580.0,257390.87,634,-91041.42,-19.56,-326602.67,1
246,3,482810.83,555204.39,254209.12,-326602.67,31904.65,456746.46,518,-326602.67,-67.65,-54297.74,1
246,4,423412.47,322784.85,154925.36,-54297.74,36656.14,140148.35,796,-54297.74,-12.82,-48033.79,1
246,5,420121.71,316993.76,151161.73,-48033.79,97151.07,336133.54,619,-48033.79,-11.43,-117478.71,1
246,6,500939.33,361693.64,256724.4,-117478.71,124683.46,499729.76,205,-117478.71,-23.45,-6010.11,1
246,7,432241.73,279560.15,158691.69,-6010.11,49095.61,387847.24,177,-6010.11,-1.39,-140634.13,1
246,8,519687.65,453309.96,207011.82,-140634.13,91940.57,343763.09,364,-140634.13,-27.06,-57302.04,1
246,9,445789.45,338656.48,164435.0,-57302.04,100361.93,311220.48,240,-57302.04,-12.85,-65664.5,1
246,10,469439.75,338230.75,196873.5,-65664.5,121344.22,71979.11,859,-65664.5,-13.99,-128017.86,1
246,11,525582.26,377506.72,276093.39,-128017.86,58360.61,484518.5,363,-128017.86,-24.36,-46885.04,1
247,1,409188.84,169796.55,192014.1,47378.18,66685.76,23982.53,196,47378.18,11.58,141415.05,0
247,2,485947.92,197787.49,146745.37,141415.05,87156.48,340625.29,208,141415.05,29.1,101284.91,0
247,3,438788.0,179083.61,158419.48,101284.91,71196.56,90105.07,636,101284.91,23.08,87838.73,0
247,4,540795.7,240429.13,212527.85,87838.73,90727.6,100751.28,356,87838.73,16.24,78118.14,0
247,5,459078.84,229409.57,151551.13,78118.14,94222.08,392382.75,462,78118.14,17.02,22431.09,0
247,6,488574.73,243252.85,222890.79,22431.09,71326.23,329742.24,711,22431.09,4.59,61164.39,0
247,7,449847.82,166292.87,222390.55,61164.39,92927.58,372521.04,197,61164.39,13.6,50415.9,0
247,8,393190.62,158021.39,184753.32,50415.9,60290.11,228186.86,203,50415.9,12.82,24157.97,0
247,9,373588.99,188664.31,160766.71,24157.97,32308.81,241934.23,266,24157.97,6.47,118763.92,0
247,10,473287.95,181643.85,172880.18,118763.92,36458.79,269567.58,233,118763.92,25.09,112399.04,0
247,11,473530.43,177817.17,183314.22,112399.04,103703.35,336678.71,241,112399.04,23.74,88428.07,0
248,1,329080.8,87957.53,89775.96,151347.31,89113.9,237840.72,335,151347.31,45.99,109441.97,0
248,2,340610.58,130455.08,100713.53,109441.97,100520.98,18092.45,460,109441.97,32.13,106970.69,0
248,3,338778.82,135218.5,96589.63,106970.69,30748.41,262778.83,201,106970.69,31.58,131420.97,0
248,4,330353.54,109781.8,89150.77,131420.97,87382.99,111596.79,350,131420.97,39.78,154965.79,0
248,5,339161.05,102502.48,81692.78,154965.79,38536.4,60433.98,200,154965.79,45.69,60344.17,0
248,6,333397.98,175621.04,97432.78,60344.17,61357.06,178686.11,319,60344.17,18.1,133021.85,0
248,7,322419.3,98047.44,91350.02,133021.85,49858.19,138211.78,194,133021.85,41.26,133361.59,0
248,8,336669.93,100160.76,103147.58,133361.59,86119.83,103942.04,135,133361.59,39.61,154787.41,0
248,9,341326.09,105675.71,80862.96,154787.41,89614.42,117182.48,289,154787.41,45.35,121756.13,0
248,10,323602.32,90462.69,111383.5,121756.13,36198.45,306355.29,140,121756.13,37.63,169235.61,0
248,11,338568.11,97329.35,72003.15,169235.61,82234.65,111705.05,497,169235.61,49.99,130316.99,0
249,1,221392.3,120786.85,102157.5,-1552.05,50343.46,171604.27,112,-1552.05,-0.7,-46915.88,1
249,2,207405.2,154611.86,99709.22,-46915.88,51664.64,60096.46,336,-46915.88,-22.62,-9182.65,1
249,3,215541.78,131099.89,93624.54,-9182.65,29682.82,27895.88,98,-9182.65,-4.26,4958.23,0
249,4,190176.28,99426.84,85791.21,4958.23,34386.11,42785.69,178,4958.23,2.61,60835.14,0
249,5,223881.01,82596.62,80449.25,60835.14,35212.19,210879.38,90,60835.14,27.17,37046.81,0
249,6,198048.57,90177.85,70823.91,37046.81,17790.24,57324.07,95,37046.81,18.71,12757.96,0
249,7,174235.52,83672.28,77805.29,12757.96,20776.73,45338.33,138,12757.96,7.32,10438.38,0
249,8,191286.31,96157.52,84690.41,10438.38,9864.9,35394.88,202,10438.38,5.46,46781.38,0
249,9,184979.18,79922.68,58275.12,46781.38,45676.94,110164.97,272,46781.38,25.29,-3995.1,1
249,10,188948.96,99768.2,93175.87,-3995.1,42732.69,160576.71,119,-3995.1,-2.11,32184.48,0
249,11,192239.27,86979.38,73075.41,32184.48,45362.85,53680.23,115,32184.48,16.74,30185.83,0
250,1,467179.28,244912.44,142881.88,79384.96,125297.28,77509.42,189,79384.96,16.99,73467.88,0
250,2,431408.52,152062.14,205878.5,73467.88,35881.39,86061.8,226,73467.88,17.03,-202911.32,1
250,3,500929.45,469157.45,234683.32,-202911.32,63196.59,241335.29,728,-202911.32,-40.51,87379.42,0
250,4,523095.43,212596.36,223119.66,87379.42,110835.64,484846.99,1025,87379.42,16.7,93324.13,0
250,5,510973.06,183606.19,234042.74,93324.13,59505.44,70943.45,325,93324.13,18.26,96820.76,0
250,6,535156.82,240630.45,197705.61,96820.76,138866.98,472307.74,338,96820.76,18.09,-86922.63,1
250,7,473077.54,408988.83,151011.34,-86922.63,110140.85,229281.83,784,-86922.63,-18.37,39951.13,0
250,8,478298.3,233412.35,204934.81,39951.13,49169.36,385467.05,327,39951.13,8.35,-44189.83,1
250,9,578618.97,420276.65,202532.16,-44189.83,99103.4,437241.27,913,-44189.83,-7.64,62920.38,0
250,10,559737.96,299346.68,197470.9,62920.38,34754.47,375292.88,291,62920.38,11.24,73437.24,0
250,11,479014.72,192311.83,213265.64,73437.24,136174.79,117383.85,250,73437.24,15.33,122470.83,0
251,1,229710.38,155470.12,110950.53,-36710.27,60383.45,122204.86,157,-36710.27,-15.98,-25527.21,1
251,2,212314.57,154131.62,83710.15,-25527.21,53115.34,154900.39,101,-25527.21,-12.02,-43153.94,1
251,3,205085.93,167861.7,80378.17,-43153.94,24181.74,154576.57,99,-43153.94,-21.04,-51035.18,1
251,4,214200.69,173510.69,91725.18,-51035.18,50285.77,104920.85,126,-51035.18,-23.83,-1168.41,1
251,5,176750.23,112628.48,65290.16,-1168.41,9758.24,19959.97,124,-1168.41,-0.66,-22386.46,1
251,6,195336.15,141653.45,76069.15,-22386.46,29254.09,51519.66,162,-22386.46,-11.46,-21955.09,1
251,7,216747.42,128283.48,110419.03,-21955.09,26513.86,160362.33,110,-21955.09,-10.13,-47710.17,1
251,8,232893.22,146502.1,134101.29,-47710.17,20136.85,68683.41,139,-47710.17,-20.49,-115137.88,1
251,9,201425.29,213808.38,102754.78,-115137.88,31327.75,75456.62,292,-115137.88,-57.16,-16086.23,1
251,10,158733.82,110383.15,64436.89,-16086.23,9606.01,28869.85,241,-16086.23,-10.13,-32812.97,1
251,11,174782.15,130251.3,77343.81,-32812.97,28763.26,128503.55,127,-32812.97,-18.77,-57558.98,1
252,1,268015.29,87174.85,65603.58,115236.86,73797.25,87667.75,330,115236.86,43.0,111589.02,0
252,2,245265.5,66801.46,66875.02,111589.02,41286.78,119894.94,108,111589.02,45.5,93778.24,0
252,3,268637.96,97119.33,77740.39,93778.24,53880.55,243592.6,271,93778.24,34.91,92020.05,0
252,4,239391.67,79983.85,67387.77,92020.05,24208.86,44034.6,138,92020.05,38.44,70742.79,0
252,5,269855.41,106828.57,92284.05,70742.79,25022.1,157245.37,161,70742.79,26.22,83567.58,0
252,6,246193.34,86004.57,76621.19,83567.58,19187.88,197114.72,373,83567.58,33.94,140060.25,0
252,7,285299.24,87704.44,57534.55,140060.25,57640.09,75438.23,152,140060.25,49.09,97065.9,0
252,8,267620.48,98794.82,71759.77,97065.9,70572.63,236618.0,146,97065.9,36.27,106904.3,0
252,9,259577.99,92559.44,60114.25,106904.3,48546.84,36656.71,160,106904.3,41.18,127704.5,0
252,10,237440.68,61738.48,47997.71,127704.5,40953.54,134421.14,224,127704.5,53.78,77373.5,0
252,11,245902.79,88979.15,79550.14,77373.5,18851.69,142590.83,116,77373.5,31.47,136180.99,0
253,1,85527.35,39752.68,41063.01,4711.66,21089.27,17270.76,70,4711.66,5.51,21783.19,0
253,2,90696.8,35974.07,32939.54,21783.19,12806.02,52845.66,65,21783.19,24.02,-24151.07,1
253,3,86661.85,84617.24,26195.68,-24151.07,25929.46,64194.56,163,-24151.07,-27.87,9761.97,0
253,4,88505.89,34989.75,43754.17,9761.97,16966.58,24340.68,167,9761.97,11.03,13367.09,0
253,5,90989.76,32243.71,45378.96,13367.09,20716.26,17952.89,57,13367.09,14.69,16019.71,0
253,6,88741.0,32490.05,40231.24,16019.71,6348.68,75976.22,55,16019.71,18.05,11269.68,0
253,7,78693.38,39656.18,27767.51,11269.68,20406.88,62565.19,75,11269.68,14.32,16832.63,0
253,8,90001.53,38729.79,34439.1,16832.63,8266.03,43186.93,59,16832.63,18.7,20106.31,0
253,9,100342.74,45502.11,34734.32,20106.31,25018.31,35461.44,56,20106.31,20.04,23087.12,0
253,10,91533.07,34726.51,33719.43,23087.12,25430.36,54604.82,48,23087.12,25.22,28179.17,0
253,11,111611.59,48342.14,35090.28,28179.17,27641.37,90923.4,48,28179.17,25.25,20407.0,0
254,1,204154.77,135847.23,50808.55,17499.0,59760.76,170610.76,83,17499.0,8.57,53198.34,0
254,2,180406.81,67984.63,59223.83,53198.34,32394.4,78646.82,84,53198.34,29.49,77781.79,0
254,3,199177.76,74229.82,47166.15,77781.79,50012.02,57141.49,341,77781.79,39.05,12756.68,0
254,4,178458.84,124639.33,41062.84,12756.68,25875.41,158858.15,177,12756.68,7.15,70398.93,0
254,5,207246.42,79089.32,57758.16,70398.93,55283.76,71444.91,314,70398.93,33.97,-1868.08,1
254,6,181632.17,125784.09,57716.16,-1868.08,36075.06,169302.01,169,-1868.08,-1.03,70982.49,0
254,7,183887.28,55816.64,57088.15,70982.49,44083.35,152449.86,78,70982.49,38.6,58245.35,0
254,8,172499.64,54275.38,59978.92,58245.35,39431.92,96135.58,80,58245.35,33.77,60646.14,0
254,9,201729.78,78578.86,62504.79,60646.14,13474.31,49365.25,82,60646.14,30.06,67644.2,0
254,10,186963.35,66180.92,53138.23,67644.2,11422.95,74912.31,124,67644.2,36.18,70616.18,0
254,11,183013.7,59710.51,52687.02,70616.18,36025.77,165686.51,126,70616.18,38.59,9833.53,0
255,1,201264.11,73292.7,73659.52,54311.89,36575.5,113772.95,96,54311.89,26.99,22064.84,0
255,2,192463.68,74856.96,95541.88,22064.84,55325.77,79672.28,112,22064.84,11.46,-33069.66,1
255,3,226069.28,173204.2,85934.75,-33069.66,65711.65,21162.61,124,-33069.66,-14.63,28429.99,0
255,4,186599.03,94236.16,63932.87,28429.99,18733.66,62052.01,259,28429.99,15.24,4895.45,0
255,5,172649.48,88302.18,79451.85,4895.45,33107.09,62082.45,130,4895.45,2.84,29403.44,0
255,6,172894.56,71500.32,71990.8,29403.44,20941.71,84011.06,95,29403.44,17.01,-49702.13,1
255,7,187749.77,147889.04,89562.86,-49702.13,49775.07,173791.63,357,-49702.13,-26.47,46232.34,0
255,8,205830.33,87258.31,72339.68,46232.34,42857.08,205786.23,134,46232.34,22.46,41726.73,0
255,9,160611.19,60957.64,57926.82,41726.73,40201.77,91311.57,147,41726.73,25.98,45041.62,0
255,10,216121.88,96783.39,74296.86,45041.62,57269.18,204790.67,327,45041.62,20.84,25646.82,0
255,11,190933.4,81680.22,83606.35,25646.82,10529.08,48363.95,219,25646.82,13.43,61368.56,0
256,1,183666.38,122824.19,46801.52,14040.66,40397.02,131800.69,75,14040.66,7.64,71027.35,0
256,2,183491.25,58358.69,54105.21,71027.35,16083.86,89569.85,115,71027.35,38.71,57355.69,0
256,3,178322.55,70796.7,50170.16,57355.69,17460.65,32920.16,126,57355.69,32.16,88168.95,0
256,4,183702.83,46529.9,49003.98,88168.95,39960.27,141781.26,248,88168.95,48.0,63622.04,0
256,5,163682.61,62872.88,37187.69,63622.04,32247.43,88116.74,75,63622.04,38.87,81439.7,0
256,6,177554.89,50553.07,45562.12,81439.7,32318.16,76705.76,317,81439.7,45.87,7853.97,0
256,7,188358.15,136286.7,44217.48,7853.97,32638.18,149366.74,99,7853.97,4.17,59367.39,0
256,8,182522.72,72679.24,50476.09,59367.39,22210.26,91812.26,81,59367.39,32.53,85045.11,0
256,9,169747.11,49476.79,35225.21,85045.11,10920.01,124348.33,136,85045.11,50.1,76095.31,0
256,10,173588.03,48588.11,48904.61,76095.31,38846.01,89772.7,84,76095.31,43.84,71831.26,0
256,11,183961.95,51638.18,60492.51,71831.26,52475.1,58318.12,78,71831.26,39.05,69903.01,0
257,1,332754.94,256367.37,152104.87,-75717.3,43122.98,177508.45,446,-75717.3,-22.75,-977.62,1
257,2,326877.48,188295.26,139559.84,-977.62,25835.76,149783.7,366,-977.62,-0.3,-52159.52,1
257,3,329057.01,220822.44,160394.09,-52159.52,79457.38,306521.87,137,-52159.52,-15.85,-68503.45,1
257,4,356754.03,263795.3,161462.18,-68503.45,91246.31,144784.62,152,-68503.45,-19.2,-142987.75,1
257,5,333109.16,281378.05,194718.87,-142987.75,34896.1,42017.12,173,-142987.75,-42.93,-48135.05,1
257,6,253618.12,176701.2,125051.98,-48135.05,48902.24,232960.65,453,-48135.05,-18.98,-180155.14,1
257,7,305868.6,306438.63,179585.11,-180155.14,32276.24,230856.45,490,-180155.14,-58.9,-43498.83,1
257,8,363570.34,216775.67,190293.5,-43498.83,70475.24,272127.13,514,-43498.83,-11.96,-94090.79,1
257,9,364445.89,261460.93,197075.76,-94090.79,77477.22,266583.9,175,-94090.79,-25.82,-55887.27,1
257,10,328332.43,232228.04,151991.66,-55887.27,33428.06,129156.77,222,-55887.27,-17.02,-43005.8,1
257,11,316579.35,238961.88,120623.27,-43005.8,46167.46,36554.33,204,-43005.8,-13.58,-68967.18,1
258,1,358423.41,178985.68,170877.35,8560.37,20985.38,299642.14,174,8560.37,2.39,26272.65,0
258,2,409630.29,198202.91,185154.73,26272.65,64630.74,46641.35,288,26272.65,6.41,63401.85,0
258,3,371423.85,173594.58,134427.42,63401.85,94897.53,166924.28,161,63401.85,17.07,61345.6,0
258,4,369530.46,135236.25,172948.62,61345.6,48223.16,123341.67,332,61345.6,16.6,64003.57,0
258,5,386641.05,160821.22,161816.27,64003.57,64644.33,386197.66,472,64003.57,16.55,-1683.46,1
258,6,385807.51,208147.98,179342.98,-1683.46,36611.08,97548.56,722,-1683.46,-0.44,62313.0,0
258,7,399038.39,153874.42,182850.96,62313.0,33419.02,180139.71,585,62313.0,15.62,92269.28,0
258,8,413606.68,166538.21,154799.2,92269.28,102631.2,194650.16,212,92269.28,22.31,21489.56,0
258,9,315441.68,156198.79,137753.33,21489.56,64504.32,220441.02,248,21489.56,6.81,57176.09,0
258,10,397820.66,208384.49,132260.08,57176.09,53932.73,67144.18,234,57176.09,14.37,53135.78,0
258,11,408327.17,178094.79,177096.6,53135.78,41797.63,170944.77,238,53135.78,13.01,36977.12,0
259,1,471008.39,129970.87,94724.59,246312.93,42533.86,455555.99,519,246312.93,52.29,235409.39,0
259,2,455893.14,127105.42,93378.33,235409.39,25542.74,238861.7,301,235409.39,51.64,175751.09,0
259,3,462512.68,145780.07,140981.51,175751.09,111229.97,388028.81,479,175751.09,38.0,238722.67,0
259,4,494246.57,128482.9,127041.01,238722.67,34353.68,295142.36,259,238722.67,48.3,209706.94,0
259,5,427706.45,127861.31,90138.2,209706.94,26130.51,316506.52,186,209706.94,49.03,164987.93,0
259,6,462841.37,159692.75,138160.69,164987.93,41197.1,26538.81,389,164987.93,35.65,176673.51,0
259,7,421715.55,133639.03,111403.01,176673.51,98486.12,335563.33,234,176673.51,41.89,151495.72,0
259,8,443195.62,139898.51,151801.4,151495.72,69433.02,210186.71,207,151495.72,34.18,183747.08,0
259,9,482998.49,141872.52,157378.89,183747.08,90868.43,428246.57,206,183747.08,38.04,167722.09,0
259,10,402630.9,150434.61,84474.2,167722.09,54690.46,101800.81,173,167722.09,41.66,244771.47,0
259,11,463748.31,125297.43,93679.41,244771.47,27819.7,291733.93,270,244771.47,52.78,188682.92,0
260,1,252571.3,166863.54,128543.41,-42835.65,16146.06,233018.41,102,-42835.65,-16.96,-49935.73,1
260,2,279406.28,188684.64,140657.37,-49935.73,19371.15,135027.09,130,-49935.73,-17.87,-48499.88,1
260,3,318933.86,238460.92,128972.82,-48499.88,36285.62,74115.46,253,-48499.88,-15.21,-79881.02,1
260,4,307924.8,212742.79,175063.03,-79881.02,56534.07,294458.31,423,-79881.02,-25.94,-118507.59,1
260,5,309148.14,268838.34,158817.4,-118507.59,89481.9,140803.42,254,-118507.59,-38.33,-81005.2,1
260,6,280520.36,226036.4,135489.16,-81005.2,27698.55,150530.57,203,-81005.2,-28.88,-18648.04,1
260,7,292607.65,171631.86,139623.84,-18648.04,83953.32,165531.83,466,-18648.04,-6.37,-44961.66,1
260,8,300638.74,235731.76,109868.64,-44961.66,63966.83,224154.53,444,-44961.66,-14.96,-72576.76,1
260,9,295034.53,194813.6,172797.68,-72576.76,21310.53,148602.63,472,-72576.76,-24.6,-17733.5,1
260,10,331253.74,226530.43,122456.81,-17733.5,78568.74,68160.1,151,-17733.5,-5.35,-5118.6,1
260,11,326230.3,208872.39,122476.51,-5118.6,74811.26,78298.55,229,-5118.6,-1.57,-45595.18,1
261,1,321353.22,136346.37,140470.36,44536.48,60985.44,101302.38,386,44536.48,13.86,87479.12,0
261,2,405690.26,178860.92,139350.22,87479.12,51077.72,250526.71,395,87479.12,21.56,30893.36,0
261,3,348976.83,186065.69,132017.78,30893.36,34661.96,33418.39,169,30893.36,8.85,47064.66,0
261,4,334076.56,153132.34,133879.56,47064.66,22743.68,169950.44,149,47064.66,14.09,95805.18,0
261,5,380649.03,138290.43,146553.43,95805.18,23597.75,368555.74,194,95805.18,25.17,60094.39,0
261,6,319517.59,157781.47,101641.72,60094.39,53476.74,274679.64,608,60094.39,18.81,72102.33,0
261,7,402054.97,167093.91,162858.73,72102.33,80996.04,297091.57,419,72102.33,17.93,100269.79,0
261,8,367610.94,140125.24,127215.92,100269.79,91991.4,142005.96,225,100269.79,27.28,-83273.27,1
261,9,354437.38,263817.84,173892.82,-83273.27,25781.75,279271.84,403,-83273.27,-23.49,46021.24,0
261,10,394674.4,195418.77,153234.39,46021.24,99512.75,379550.25,393,46021.24,11.66,-3087.09,1
261,11,340744.8,184991.3,158840.59,-3087.09,85057.51,74754.07,519,-3087.09,-0.91,-138135.1,1
262,1,130946.23,109422.91,36625.21,-15101.89,32492.25,25094.93,53,-15101.89,-11.53,49656.46,0
262,2,134710.35,48567.82,36486.06,49656.46,10330.15,78454.09,208,49656.46,36.86,44989.14,0
262,3,145090.9,55303.69,44798.07,44989.14,39480.18,86268.22,84,44989.14,31.01,56649.03,0
262,4,143057.88,39390.59,47018.27,56649.03,34870.02,135005.84,129,56649.03,39.6,55773.55,0
262,5,131203.37,36026.82,39403.01,55773.55,15971.53,9987.03,145,55773.55,42.51,64480.08,0
262,6,138696.98,42991.44,31225.47,64480.08,20506.02,133661.9,68,64480.08,46.49,51339.4,0
262,7,133406.08,46271.5,35795.18,51339.4,20369.26,36198.73,104,51339.4,38.48,51158.96,0
262,8,130637.03,43003.68,36474.4,51158.96,18249.92,95490.2,78,51158.96,39.16,38140.5,0
262,9,130743.01,50359.92,42242.59,38140.5,27930.45,17051.17,54,38140.5,29.17,60310.78,0
262,10,134180.61,35697.46,38172.37,60310.78,21128.48,84490.02,57,60310.78,44.95,58239.41,0
262,11,133272.46,45168.94,29864.1,58239.41,30523.09,13044.43,91,58239.41,43.7,60748.04,0
263,1,104487.05,27095.87,27202.86,50188.32,13944.31,60587.1,87,50188.32,48.03,37778.11,0
263,2,102682.99,32084.47,32820.41,37778.11,21027.29,54454.3,92,37778.11,36.79,37034.94,0
263,3,97912.47,31489.06,29388.47,37034.94,28704.72,63435.81,43,37034.94,37.82,48946.47,0
263,4,104074.8,26035.74,29092.59,48946.47,7654.51,57800.28,52,48946.47,47.03,42845.24,0
263,5,104251.59,33721.0,27685.35,42845.24,15184.08,39855.99,58,42845.24,41.1,47685.31,0
263,6,91932.03,24582.88,19663.84,47685.31,17152.17,42168.31,114,47685.31,51.87,-9214.36,1
263,7,102435.73,80367.6,31282.49,-9214.36,11293.17,35800.13,114,-9214.36,-9.0,31678.91,0
263,8,94185.38,34506.07,28000.4,31678.91,20437.58,25894.73,67,31678.91,33.63,39855.92,0
263,9,102679.99,37866.1,24957.97,39855.92,16433.53,70506.66,72,39855.92,38.82,39040.83,0
263,10,102519.66,40217.59,23261.23,39040.83,19902.53,21948.89,162,39040.83,38.08,35259.15,0
263,11,93959.55,26118.5,32581.9,35259.15,10581.89,57447.01,59,35259.15,37.53,30769.52,0
264,1,476559.29,138335.12,160565.3,177658.88,89972.08,398581.83,365,177658.88,37.28,139891.85,0
264,2,441094.89,165101.24,136101.79,139891.85,57985.73,66065.72,324,139891.85,31.71,231527.59,0
264,3,457057.36,132225.87,93303.91,231527.59,104366.89,86947.42,386,231527.59,50.66,217325.2,0
264,4,495382.26,125348.91,152708.15,217325.2,95178.82,36944.87,529,217325.2,43.87,171916.45,0
264,5,508359.87,164933.01,171510.41,171916.45,39036.0,92252.74,418,171916.45,33.82,171791.37,0
264,6,430657.6,134875.6,123990.63,171791.37,36150.23,349912.62,250,171791.37,39.89,187266.22,0
264,7,442939.3,161818.7,93854.38,187266.22,28300.82,70633.11,618,187266.22,42.28,235492.02,0
264,8,476746.42,122939.84,118314.56,235492.02,65341.12,368399.66,623,235492.02,49.4,219110.63,0
264,9,432826.59,120678.36,93037.59,219110.63,29814.71,395742.35,310,219110.63,50.62,127112.43,0
264,10,458400.76,172260.09,159028.24,127112.43,126233.34,81869.98,212,127112.43,27.73,145412.34,0
264,11,458018.93,158926.8,153679.8,145412.34,33447.1,181525.6,219,145412.34,31.75,186565.49,0
265,1,276914.68,118801.98,83613.05,74499.65,63163.38,179273.95,233,74499.65,26.9,44681.78,0
265,2,268121.53,122242.23,101197.52,44681.78,52523.68,34241.58,150,44681.78,16.66,1574.96,0
265,3,252398.13,132548.68,118274.49,1574.96,69678.69,118331.5,129,1574.96,0.62,26521.46,0
265,4,307823.14,157857.68,123444.0,26521.46,85840.44,82900.12,303,26521.46,8.62,35048.08,0
265,5,296442.78,159414.37,101980.33,35048.08,33957.74,288174.75,174,35048.08,11.82,91180.01,0
265,6,266798.0,93757.43,81860.56,91180.01,25850.94,207899.19,282,91180.01,34.18,46508.7,0
265,7,276947.6,135289.87,95149.03,46508.7,60084.79,241272.69,114,46508.7,16.79,86050.2,0
265,8,281619.93,105643.58,89926.16,86050.2,75060.59,170259.91,228,86050.2,30.56,50230.01,0
265,9,245390.96,97586.37,97574.57,50230.01,41943.67,235275.0,112,50230.01,20.47,121.72,0
265,10,298322.48,160594.8,137605.95,121.72,75478.96,276476.31,124,121.72,0.04,78672.85,0
265,11,251661.22,90081.08,82907.28,78672.85,41656.02,216991.54,175,78672.85,31.26,61745.87,0
266,1,168527.36,60511.08,53720.47,54295.81,30341.93,166353.52,69,54295.81,32.22,66878.03,0
266,2,173708.95,54235.86,52595.06,66878.03,15316.68,135489.71,126,66878.03,38.5,45492.08,0
266,3,166800.53,64597.77,56710.68,45492.08,28341.12,30820.28,79,45492.08,27.27,43184.18,0
266,4,157157.69,61574.14,52399.37,43184.18,8037.39,68735.01,118,43184.18,27.48,51000.15,0
266,5,153699.35,53693.96,49005.24,51000.15,38216.77,96388.17,174,51000.15,33.18,56991.41,0
266,6,163266.36,50188.0,56086.95,56991.41,10729.15,67851.62,132,56991.41,34.91,-23023.3,1
266,7,182561.92,148363.9,57221.31,-23023.3,46746.43,164460.76,135,-23023.3,-12.61,57553.16,0
266,8,152637.64,45340.07,49744.41,57553.16,28086.95,24725.56,84,57553.16,37.71,28058.63,0
266,9,153655.23,87048.88,38547.71,28058.63,12104.65,70623.69,166,28058.63,18.26,65678.11,0
266,10,150903.3,44370.37,40854.82,65678.11,16823.04,126983.16,94,65678.11,43.52,61146.04,0
266,11,162882.77,62936.22,38800.52,61146.04,28636.09,150301.12,121,61146.04,37.54,57881.54,0
267,1,301123.75,181727.13,142884.0,-23487.38,78016.89,264683.88,503,-23487.38,-7.8,-15477.62,1
267,2,320591.89,201798.4,134271.11,-15477.62,83677.76,234300.82,457,-15477.62,-4.83,4718.72,0
267,3,298386.4,175963.89,117703.78,4718.72,56962.33,64817.51,120,4718.72,1.58,739.48,0
267,4,337949.54,210726.59,126483.47,739.48,99616.49,200523.56,140,739.48,0.22,-52954.32,1
267,5,258944.58,176119.66,135779.24,-52954.32,14842.79,121128.06,170,-52954.32,-20.45,-36140.53,1
267,6,267910.01,191791.43,112259.11,-36140.53,59403.01,210273.72,135,-36140.53,-13.49,-14096.14,1
267,7,312320.96,192585.91,133831.19,-14096.14,76390.76,268184.96,299,-14096.14,-4.51,-30068.94,1
267,8,351555.9,233685.81,147939.03,-30068.94,30145.7,240574.23,195,-30068.94,-8.55,-134028.41,1
267,9,316593.42,260723.04,189898.79,-134028.41,68238.97,142686.25,161,-134028.41,-42.33,-104351.29,1
267,10,338406.42,270889.69,171868.02,-104351.29,27178.5,196652.83,328,-104351.29,-30.84,-183890.56,1
267,11,322468.24,328291.75,178067.05,-183890.56,39619.39,162418.59,246,-183890.56,-57.03,-64019.04,1
268,1,106061.09,42055.6,21801.59,42203.89,17233.3,29731.72,59,42203.89,39.79,47381.19,0
268,2,98122.71,26938.94,23802.58,47381.19,16200.35,97532.71,77,47381.19,48.29,33482.07,0
268,3,88997.47,25403.8,30111.6,33482.07,11867.87,63646.38,36,33482.07,37.62,48042.68,0
268,4,96236.03,25127.92,23065.43,48042.68,25737.92,21194.14,86,48042.68,49.92,39808.85,0
268,5,108272.16,40193.61,28269.7,39808.85,31546.77,35999.81,108,39808.85,36.77,33310.19,0
268,6,101636.11,36242.41,32083.52,33310.19,10493.39,80290.14,55,33310.19,32.77,39539.61,0
268,7,100311.48,27713.66,33058.21,39539.61,19306.48,66216.67,141,39539.61,39.42,47315.8,0
268,8,95699.56,24497.44,23886.33,47315.8,15928.85,25094.75,44,47315.8,49.44,41646.36,0
268,9,100953.83,32097.96,27209.5,41646.36,27766.69,13562.74,127,41646.36,41.25,-8857.24,1
268,10,95212.81,72886.2,31183.84,-8857.24,22434.79,57360.63,64,-8857.24,-9.3,40636.39,0
268,11,92556.97,32502.77,19417.81,40636.39,11077.5,45656.1,57,40636.39,43.9,30211.96,0
269,1,251659.1,74308.56,75276.57,102073.97,39709.51,25101.07,101,102073.97,40.56,112369.22,0
269,2,238970.16,77938.1,48662.84,112369.22,63945.67,187334.57,125,112369.22,47.02,89108.74,0
269,3,255185.24,93128.52,72947.98,89108.74,30430.19,71461.43,113,89108.74,34.92,109213.48,0
269,4,239517.34,82348.39,47955.46,109213.48,63343.71,18192.19,472,109213.48,45.6,86237.21,0
269,5,255924.05,98587.48,71099.36,86237.21,34038.41,72055.37,120,86237.21,33.7,114088.92,0
269,6,247506.82,65823.01,67594.89,114088.92,18790.74,134551.33,149,114088.92,46.1,100981.38,0
269,7,240104.45,70590.5,68532.58,100981.38,25060.49,236889.13,124,100981.38,42.06,107223.81,0
269,8,259847.37,97160.13,55463.43,107223.81,16743.02,104710.6,105,107223.81,41.26,111525.29,0
269,9,252212.97,63282.91,77404.77,111525.29,20781.37,93360.9,123,111525.29,44.22,2153.29,0
269,10,239048.93,180844.44,56051.2,2153.29,47340.39,175439.12,132,2153.29,0.9,119352.88,0
269,11,253887.1,68476.48,66057.73,119352.88,48167.53,41414.0,446,119352.88,47.01,19741.65,0
270,1,422394.91,140388.11,113314.17,168692.63,106674.68,171114.35,222,168692.63,39.94,212275.54,0
270,2,412916.35,115464.64,85176.17,212275.54,49695.91,363284.42,185,212275.54,51.41,169281.67,0
270,3,403148.16,114594.34,119272.14,169281.67,90771.05,24738.84,216,169281.67,41.99,145147.43,0
270,4,411256.55,154912.48,111196.64,145147.43,100914.93,282882.08,295,145147.43,35.29,141236.66,0
270,5,424122.75,147292.98,135593.11,141236.66,39429.25,415837.95,490,141236.66,33.3,153698.02,0
270,6,402252.92,155545.66,93009.24,153698.02,64368.86,372207.52,176,153698.02,38.21,179772.41,0
270,7,402095.79,100794.95,121528.43,179772.41,96207.27,323731.12,291,179772.41,44.71,135110.72,0
270,8,433333.26,156959.97,141262.56,135110.72,84765.98,342140.36,290,135110.72,31.18,171364.5,0
270,9,408339.28,102710.36,134264.41,171364.5,59530.76,179379.33,286,171364.5,41.97,203080.3,0
270,10,408023.1,106527.7,98415.09,203080.3,96260.32,238789.5,279,203080.3,49.77,143741.39,0
270,11,406708.57,138150.07,124817.11,143741.39,103010.16,153947.62,269,143741.39,35.34,145395.71,0
271,1,428911.05,263231.94,156633.36,9045.76,75351.23,42436.23,455,9045.76,2.11,-914.68,1
271,2,415195.02,235722.3,180387.41,-914.68,74274.65,285398.52,654,-914.68,-0.22,-139043.83,1
271,3,414292.7,353597.52,199739.0,-139043.83,28571.05,100200.67,228,-139043.83,-33.56,-36899.54,1
271,4,382992.28,258010.57,161881.24,-36899.54,106333.23,56792.15,361,-36899.54,-9.63,-177520.7,1
271,5,489832.06,380599.83,286752.92,-177520.7,50781.22,234301.62,259,-177520.7,-36.24,-165651.13,1
271,6,424482.53,339716.96,250416.7,-165651.13,23101.6,50298.68,522,-165651.13,-39.02,-70178.07,1
271,7,403535.76,268177.52,205536.32,-70178.07,67791.71,126649.82,167,-70178.07,-17.39,-58714.9,1
271,8,383730.58,218069.48,224376.0,-58714.9,29628.06,45044.03,282,-58714.9,-15.3,-44031.41,1
271,9,371442.95,259593.65,155880.71,-44031.41,98046.05,200659.67,380,-44031.41,-11.85,-75048.35,1
271,10,448785.84,259713.92,264120.27,-75048.35,63836.44,442671.97,363,-75048.35,-16.72,-204782.7,1
271,11,464873.74,393497.08,276159.36,-204782.7,88721.41,357016.96,209,-204782.7,-44.05,-72290.16,1
272,1,546666.06,420730.16,197914.94,-71979.04,137423.32,518770.39,291,-71979.04,-13.17,11835.45,0
272,2,483265.2,239901.66,231528.08,11835.45,83520.01,74566.86,337,11835.45,2.45,-17734.4,1
272,3,565338.06,309724.36,273348.1,-17734.4,44301.82,143625.28,666,-17734.4,-3.14,53682.79,0
272,4,518676.33,218467.79,246525.75,53682.79,99492.15,114216.95,349,53682.79,10.35,80180.95,0
272,5,496946.01,182000.59,234764.48,80180.95,107553.56,93954.48,268,80180.95,16.13,111740.74,0
272,6,501685.22,179172.0,210772.48,111740.74,55749.36,471647.97,847,111740.74,22.27,36438.01,0
272,7,473790.95,233476.1,203876.84,36438.01,61474.29,262096.33,216,36438.01,7.69,80226.95,0
272,8,517891.74,280164.94,157499.85,80226.95,112401.14,285535.97,217,80226.95,15.49,83316.04,0
272,9,482369.37,233351.38,165701.95,83316.04,33914.02,230807.28,260,83316.04,17.27,132849.67,0
272,10,471299.87,190099.47,148350.72,132849.67,131236.16,438333.11,191,132849.67,28.19,77193.49,0
272,11,468428.35,167155.34,224079.52,77193.49,97580.93,436243.74,283,77193.49,16.48,135580.14,0
273,1,455611.25,140316.6,127076.18,188218.46,105574.47,177186.97,277,188218.46,41.31,131084.64,0
273,2,490820.54,189692.63,170043.27,131084.64,48202.4,340065.67,369,131084.64,26.71,141498.39,0
273,3,457369.64,169689.49,146181.76,141498.39,76904.18,274665.13,487,141498.39,30.94,214447.45,0
273,4,456818.86,150250.71,92120.7,214447.45,61219.56,315719.45,257,214447.45,46.94,247692.04,0
273,5,473600.68,123541.58,102367.07,247692.04,113163.02,168351.89,320,247692.04,52.3,113971.73,0
273,6,427963.56,167700.39,146291.44,113971.73,108059.5,262875.27,174,113971.73,26.63,177131.3,0
273,7,491806.66,179617.91,135057.45,177131.3,56685.68,81708.95,364,177131.3,36.02,151620.06,0
273,8,454846.02,178092.5,125133.46,151620.06,93716.75,80027.53,355,151620.06,33.33,224995.54,0
273,9,450550.24,119064.24,106490.46,224995.54,83424.25,121215.38,471,224995.54,49.94,124639.24,0
273,10,431383.24,158177.23,148566.77,124639.24,95766.22,127334.17,183,124639.24,28.89,217717.4,0
273,11,480802.35,123760.02,139324.93,217717.4,59258.52,143908.22,289,217717.4,45.28,206734.97,0
274,1,343535.38,279564.3,196616.72,-132645.64,36419.62,295326.57,377,-132645.64,-38.61,-121422.94,1
274,2,334283.77,257814.62,197892.09,-121422.94,40323.47,46214.74,178,-121422.94,-36.32,-17539.93,1
274,3,313570.78,220653.48,110457.23,-17539.93,46578.58,297511.37,169,-17539.93,-5.59,-120132.18,1
274,4,373798.91,299559.82,194371.28,-120132.18,71245.89,320311.08,693,-120132.18,-32.14,-22477.82,1
274,5,356750.08,238070.47,141157.43,-22477.82,31938.04,324833.39,188,-22477.82,-6.3,-39535.25,1
274,6,350269.54,235602.69,154202.11,-39535.25,32963.53,329164.85,169,-39535.25,-11.29,31645.92,0
274,7,353228.61,189910.77,131671.91,31645.92,20330.98,45595.65,147,31645.92,8.96,-34471.74,1
274,8,339069.39,209307.58,164233.54,-34471.74,93227.36,158904.4,142,-34471.74,-10.17,-68548.62,1
274,9,442844.92,285914.12,225479.42,-68548.62,97719.4,95115.35,401,-68548.62,-15.48,-43226.11,1
274,10,341297.33,251091.2,133432.24,-43226.11,97069.31,41479.64,222,-43226.11,-12.67,-61526.84,1
274,11,362175.88,238138.43,185564.29,-61526.84,82656.43,171844.48,339,-61526.84,-16.99,-37747.9,1
275,1,433541.77,202940.15,134889.27,95712.34,108387.44,379508.86,229,95712.34,22.08,152719.36,0
275,2,498131.69,192881.57,152530.76,152719.36,74262.8,149774.07,306,152719.36,30.66,58659.11,0
275,3,515481.79,230295.94,226526.73,58659.11,50975.61,187099.91,375,58659.11,11.38,34926.23,0
275,4,413222.57,224136.75,154159.59,34926.23,88168.53,185222.77,172,34926.23,8.45,94139.34,0
275,5,449483.66,215282.47,140061.86,94139.34,101942.99,175855.69,478,94139.34,20.94,39502.75,0
275,6,483845.4,257897.18,186445.46,39502.75,28223.77,214519.54,226,39502.75,8.16,112852.44,0
275,7,502183.08,196841.28,192489.35,112852.44,96224.77,455397.13,217,112852.44,22.47,-194027.49,1
275,8,389525.56,396939.8,186613.25,-194027.49,32862.27,34250.96,637,-194027.49,-49.81,130313.28,0
275,9,492814.0,212137.82,150362.9,130313.28,79112.75,378977.32,465,130313.28,26.44,100225.77,0
275,10,392571.2,154479.22,137866.21,100225.77,78432.28,195480.52,334,100225.77,25.53,43055.5,0
275,11,395297.39,215232.05,137009.84,43055.5,89753.34,21856.59,158,43055.5,10.89,24682.86,0
276,1,409289.79,224533.48,197238.99,-12482.68,70249.41,264785.68,566,-12482.68,-3.05,56351.46,0
276,2,415423.11,195887.31,163184.35,56351.46,79471.48,143269.49,242,56351.46,13.56,56086.89,0
276,3,364872.47,176968.32,131817.27,56086.89,36426.36,226270.86,222,56086.89,15.37,85965.5,0
276,4,386406.5,150524.02,149916.98,85965.5,50090.57,61105.99,223,85965.5,22.25,67153.27,0
276,5,426544.64,220904.66,138486.71,67153.27,68772.04,277641.8,364,67153.27,15.74,97061.62,0
276,6,367813.81,159525.94,111226.25,97061.62,70791.48,93829.68,466,97061.62,26.39,104812.46,0
276,7,372595.16,134851.31,132931.39,104812.46,93092.5,40808.16,186,104812.46,28.13,-130825.81,1
276,8,387247.97,349596.03,168477.75,-130825.81,93653.57,70919.01,413,-130825.81,-33.78,69478.92,0
276,9,424410.28,186386.77,168544.59,69478.92,61858.95,136539.92,353,69478.92,16.37,138603.29,0
276,10,410471.68,145356.04,126512.36,138603.29,90487.99,149296.38,180,138603.29,33.77,20976.93,0
276,11,381320.73,189239.99,171103.81,20976.93,21836.24,85633.48,214,20976.93,5.5,96883.96,0
277,1,114177.49,45904.47,55254.18,13018.84,21490.11,33049.14,158,13018.84,11.4,-939.62,1
277,2,113411.47,60079.94,54271.15,-939.62,28273.95,53792.51,98,-939.62,-0.83,22365.6,0
277,3,124858.07,63178.94,39313.53,22365.6,16210.23,45356.62,82,22365.6,17.91,27016.74,0
277,4,132097.97,53711.4,51369.82,27016.74,30887.68,82340.06,73,27016.74,20.45,36293.98,0
277,5,111986.68,39669.39,36023.31,36293.98,7432.1,69711.79,44,36293.98,32.41,17863.75,0
277,6,107878.82,39932.75,50082.32,17863.75,23461.32,71307.87,46,17863.75,16.56,28777.01,0
277,7,114939.12,42315.52,43846.59,28777.01,28203.85,84681.98,73,28777.01,25.04,9288.4,0
277,8,111352.38,58648.98,43415.0,9288.4,28884.4,35149.09,183,9288.4,8.34,21348.82,0
277,9,120924.29,57005.69,42569.78,21348.82,29434.19,111791.78,72,21348.82,17.65,4739.51,0
277,10,108965.89,55124.18,49102.2,4739.51,13899.31,54979.64,202,4739.51,4.35,35129.69,0
277,11,115889.49,43066.14,37693.66,35129.69,26972.27,97586.08,72,35129.69,30.31,17839.44,0
278,1,190837.15,89095.24,69829.14,31912.77,33525.89,95161.47,170,31912.77,16.72,36202.55,0
278,2,201470.32,84165.7,81102.07,36202.55,55016.75,94100.15,185,36202.55,17.97,54161.6,0
278,3,212528.91,75481.21,82886.09,54161.6,28679.96,162016.49,114,54161.6,25.48,10233.09,0
278,4,189618.13,103205.32,76179.72,10233.09,21134.8,78920.91,342,10233.09,5.4,35551.24,0
278,5,186202.2,85294.27,65356.69,35551.24,30145.32,94547.45,78,35551.24,19.09,34978.98,0
278,6,223667.97,109872.88,78816.11,34978.98,37278.34,180119.81,103,34978.98,15.64,35363.01,0
278,7,218904.18,84475.19,99065.99,35363.01,27249.8,188223.55,163,35363.01,16.15,23745.73,0
278,8,195440.97,107123.77,64571.47,23745.73,45559.75,10768.54,243,23745.73,12.15,58360.24,0
278,9,194102.98,74003.12,61739.63,58360.24,57061.0,134101.95,157,58360.24,30.07,11367.47,0
278,10,227126.32,102245.5,113513.34,11367.47,66105.2,14886.68,116,11367.47,5.0,52120.74,0
278,11,229554.98,106539.55,70894.69,52120.74,64404.59,62273.39,92,52120.74,22.71,27773.61,0
279,1,121990.36,44905.57,25315.31,51769.48,12523.58,121174.81,74,51769.48,42.44,62583.57,0
279,2,128159.31,34711.15,30864.59,62583.57,10400.27,103465.95,85,62583.57,48.83,52981.41,0
279,3,123698.64,41198.36,29518.87,52981.41,26355.17,23853.13,71,52981.41,42.83,56741.86,0
279,4,140414.94,53053.71,30619.37,56741.86,9809.59,53563.21,81,56741.86,40.41,36187.69,0
279,5,127336.24,47093.65,44054.9,36187.69,34862.47,73723.73,53,36187.69,28.42,-8060.55,1
279,6,133951.66,99307.99,42704.22,-8060.55,29273.78,53814.02,152,-8060.55,-6.02,58246.44,0
279,7,135658.03,41248.5,36163.09,58246.44,18277.45,18334.32,58,58246.44,42.94,61961.61,0
279,8,140937.05,43422.92,35552.52,61961.61,38666.87,36168.68,79,61961.61,43.96,51804.23,0
279,9,131003.0,45680.25,33518.52,51804.23,14878.5,9279.47,54,51804.23,39.54,59700.03,0
279,10,140825.23,35552.06,45573.14,59700.03,20849.89,117077.56,154,59700.03,42.39,52652.75,0
279,11,133058.49,40572.6,39833.14,52652.75,18205.34,99374.75,118,52652.75,39.57,55954.61,0
280,1,157038.92,55447.66,52158.67,49432.59,18530.32,134850.7,121,49432.59,31.48,63991.8,0
280,2,151860.51,54131.03,33737.68,63991.8,28435.22,46344.95,101,63991.8,42.14,62597.14,0
280,3,154939.62,43854.56,48487.91,62597.14,18471.16,77106.85,83,62597.14,40.4,64579.44,0
280,4,165813.86,64555.79,36678.62,64579.44,11067.64,127780.01,118,64579.44,38.95,49007.11,0
280,5,142824.49,53794.5,40022.88,49007.11,9955.39,76919.98,70,49007.11,34.31,72506.52,0
280,6,158832.07,54006.54,32319.01,72506.52,19785.06,45555.26,107,72506.52,45.65,68658.45,0
280,7,161543.64,49915.54,42969.65,68658.45,24004.86,148429.64,73,68658.45,42.5,73229.27,0
280,8,152014.76,48378.1,30407.4,73229.27,12325.99,42911.76,188,73229.27,48.17,49158.1,0
280,9,153782.2,51813.1,52811.0,49158.1,26359.61,150484.64,71,49158.1,31.97,60394.12,0
280,10,146459.21,52621.67,33443.41,60394.12,20048.99,81139.87,85,60394.12,41.24,70966.6,0
280,11,161108.66,56268.06,33874.0,70966.6,34800.34,53358.11,143,70966.6,44.05,72845.06,0
281,1,361379.12,96027.08,87909.46,177442.58,71648.6,118111.22,267,177442.58,49.1,190435.38,0
281,2,376014.06,108582.04,76996.64,190435.38,46294.72,318292.22,258,190435.38,50.65,142480.04,0
281,3,367905.1,112787.46,112637.6,142480.04,106967.09,48388.28,711,142480.04,38.73,149809.2,0
281,4,349939.64,116272.26,83858.19,149809.2,23853.52,184246.58,466,149809.2,42.81,151977.36,0
281,5,367595.49,95983.24,119634.89,151977.36,50807.19,81170.01,169,151977.36,41.34,178411.32,0
281,6,370171.96,115014.6,76746.04,178411.32,42189.17,347727.85,335,178411.32,48.2,100877.44,0
281,7,367642.84,139407.41,127357.99,100877.44,55483.29,302856.2,191,100877.44,27.44,151006.2,0
281,8,376296.82,97551.39,127739.23,151006.2,31463.17,170879.84,220,151006.2,40.13,162677.59,0
281,9,390377.42,112575.44,115124.4,162677.59,57450.57,253374.96,395,162677.59,41.67,14735.97,0
281,10,389605.89,262718.08,112151.84,14735.97,84773.63,156176.94,294,14735.97,3.78,121214.59,0
281,11,372734.52,144284.82,107235.11,121214.59,27852.92,80173.33,200,121214.59,32.52,149881.43,0
282,1,329380.47,287775.5,120762.64,-79157.67,50960.9,276804.36,483,-79157.67,-24.03,-94926.54,1
282,2,337326.62,233903.06,198350.1,-94926.54,80748.01,36276.64,372,-94926.54,-28.14,-42021.74,1
282,3,279601.0,169139.02,152483.72,-42021.74,13987.76,30729.72,212,-42021.74,-15.03,-65241.72,1
282,4,363100.96,288095.32,140247.36,-65241.72,38990.95,194881.27,156,-65241.72,-17.97,-130491.56,1
282,5,321343.49,291789.92,160045.14,-130491.56,27016.08,95275.93,228,-130491.56,-40.61,-95428.37,1
282,6,370728.13,253854.42,212302.09,-95428.37,67383.48,50188.04,259,-95428.37,-25.74,-4732.21,1
282,7,350613.71,203755.03,151590.88,-4732.21,29385.0,101081.18,188,-4732.21,-1.35,-71881.25,1
282,8,388410.69,262925.95,197365.98,-71881.25,43555.36,211864.78,709,-71881.25,-18.51,-130920.24,1
282,9,440919.67,389237.6,182602.31,-130920.24,129957.3,170277.17,310,-130920.24,-29.69,-95827.02,1
282,10,301456.12,242900.1,154383.05,-95827.02,74908.13,287602.97,313,-95827.02,-31.79,-107043.15,1
282,11,403262.95,270624.7,239681.4,-107043.15,118696.71,165575.58,203,-107043.15,-26.54,-65064.61,1
283,1,496751.21,162283.81,140747.64,193719.76,77893.26,329573.97,465,193719.76,39.0,251238.36,0
283,2,521290.74,156252.39,113799.99,251238.36,102154.39,83771.04,301,251238.36,48.2,230548.36,0
283,3,552212.22,164131.58,157532.28,230548.36,122937.27,424702.02,714,230548.36,41.75,136064.29,0
283,4,488268.8,192761.89,159442.62,136064.29,133097.05,201807.02,858,136064.29,27.87,220711.21,0
283,5,514309.65,141063.93,152534.52,220711.21,142086.66,160825.33,678,220711.21,42.91,218612.24,0
283,6,512976.51,147315.32,147048.95,218612.24,100355.62,473805.75,251,218612.24,42.62,247707.48,0
283,7,504065.01,151200.03,105157.51,247707.48,33058.28,105563.85,381,247707.48,49.14,225874.69,0
283,8,513122.96,167910.62,119337.65,225874.69,101388.56,362866.45,261,225874.69,44.02,49718.77,0
283,9,517269.73,343135.51,124415.45,49718.77,76967.86,269698.71,616,49718.77,9.61,185124.77,0
283,10,514538.39,178729.56,150684.06,185124.77,85595.61,462871.48,251,185124.77,35.98,286.9,0
283,11,522105.64,384980.44,136838.29,286.9,31418.03,101120.52,224,286.9,0.05,8905.3,0
284,1,273545.57,126537.63,122707.55,24300.38,54710.24,205878.69,445,24300.38,8.88,46236.28,0
284,2,309926.74,153811.8,109878.65,46236.28,34270.54,262469.73,212,46236.28,14.92,7932.97,0
284,3,323470.89,171136.5,144401.42,7932.97,85277.63,206260.9,188,7932.97,2.45,35827.76,0
284,4,308951.65,165063.02,108060.88,35827.76,55085.58,235828.95,221,35827.76,11.6,17590.79,0
284,5,277150.8,130836.64,128723.37,17590.79,62038.72,221181.43,198,17590.79,6.35,97845.78,0
284,6,346179.75,143542.3,104791.68,97845.78,45690.42,134817.63,295,97845.78,28.26,39940.61,0
284,7,341042.71,172012.61,129089.49,39940.61,78498.16,113250.55,491,39940.61,11.71,10512.56,0
284,8,294934.83,156000.81,128421.47,10512.56,19089.84,243905.03,180,10512.56,3.56,58966.67,0
284,9,313402.42,112076.98,142358.77,58966.67,47847.79,259050.2,165,58966.67,18.82,-34658.55,1
284,10,258906.78,195023.73,98541.6,-34658.55,75662.17,174114.35,272,-34658.55,-13.39,57484.77,0
284,11,298028.16,117664.64,122878.74,57484.77,72146.31,260482.51,252,57484.77,19.29,31824.39,0
285,1,140553.95,116990.37,38246.37,-14682.79,36963.04,72029.35,172,-14682.79,-10.45,51719.33,0
285,2,142978.36,53426.85,37832.18,51719.33,30932.73,110199.38,228,51719.33,36.17,57553.56,0
285,3,140082.17,47401.21,35127.4,57553.56,10599.07,7161.63,153,57553.56,41.09,63609.81,0
285,4,140806.68,43889.52,33307.35,63609.81,20784.91,48275.46,72,63609.81,45.18,54241.92,0
285,5,132442.39,37613.67,40586.8,54241.92,37088.56,96289.7,122,54241.92,40.96,50279.43,0
285,6,134995.5,44205.82,40510.24,50279.43,15058.32,71786.23,57,50279.43,37.25,55383.47,0
285,7,128076.29,35681.16,37011.65,55383.47,20512.77,97688.51,115,55383.47,43.24,50220.88,0
285,8,123940.76,44128.82,29591.06,50220.88,31934.62,100123.99,133,50220.88,40.52,47828.98,0
285,9,137495.72,54710.31,34956.43,47828.98,19595.82,58712.68,190,47828.98,34.79,72142.34,0
285,10,147416.34,42153.58,33120.42,72142.34,7703.11,118536.26,102,72142.34,48.94,-4871.83,1
285,11,138033.66,104868.28,38037.21,-4871.83,30290.28,89056.42,65,-4871.83,-3.53,53728.18,0
286,1,213463.48,67160.51,58808.44,87494.53,31598.65,77718.31,99,87494.53,40.99,83730.3,0
286,2,216013.76,81538.61,50744.85,83730.3,55359.81,27096.3,187,83730.3,38.76,98492.68,0
286,3,214448.52,59399.48,56556.36,98492.68,55769.11,210218.17,330,98492.68,45.93,91636.01,0
286,4,226820.02,64077.19,71106.82,91636.01,29922.08,55641.26,213,91636.01,40.4,83791.18,0
286,5,215275.39,84954.97,46529.25,83791.18,56073.5,97303.19,108,83791.18,38.92,94389.27,0
286,6,226201.47,79335.03,52477.17,94389.27,40327.34,148377.3,142,94389.27,41.73,82154.08,0
286,7,200323.24,65052.9,53116.25,82154.08,54487.18,130448.06,102,82154.08,41.01,78430.53,0
286,8,215512.97,73193.05,63889.39,78430.53,12223.17,215430.75,379,78430.53,36.39,91447.48,0
286,9,219597.79,58092.24,70058.07,91447.48,54961.96,67888.03,216,91447.48,41.64,95189.25,0
286,10,226698.58,65217.71,66291.62,95189.25,36966.66,93011.35,92,95189.25,41.99,108484.27,0
286,11,228865.98,71239.84,49141.87,108484.27,13070.61,202113.05,133,108484.27,47.4,76126.68,0
287,1,103343.92,49759.09,33408.33,20176.5,11557.33,56627.4,61,20176.5,19.52,16179.87,0
287,2,111795.62,47233.43,48382.32,16179.87,6557.5,107469.62,98,16179.87,14.47,22509.51,0
287,3,116020.63,56130.75,37380.37,22509.51,17177.42,55603.71,47,22509.51,19.4,22810.84,0
287,4,132773.84,50089.96,59873.04,22810.84,16276.68,40793.24,110,22810.84,17.18,21287.72,0
287,5,102860.59,49732.95,31839.92,21287.72,12348.56,78569.76,129,21287.72,20.7,13745.28,0
287,6,107587.67,57896.95,35945.44,13745.28,10750.7,34682.29,53,13745.28,12.78,30546.68,0
287,7,103657.08,37246.78,35863.61,30546.68,27088.62,48528.62,70,30546.68,29.47,5942.17,0
287,8,114586.04,60716.08,47927.8,5942.17,19818.78,27511.28,58,5942.17,5.19,25465.87,0
287,9,134716.23,51386.99,57863.36,25465.87,17917.18,92671.53,79,25465.87,18.9,3210.95,0
287,10,118433.25,56826.82,58395.48,3210.95,24897.6,74953.49,91,3210.95,2.71,16921.36,0
287,11,111823.1,54798.77,40102.98,16921.36,9218.79,73001.58,96,16921.36,15.13,-12221.49,1
288,1,190861.97,69275.74,60788.76,60797.47,14117.57,78691.58,80,60797.47,31.85,86847.9,0
288,2,185733.18,52830.3,46054.99,86847.9,43349.23,170241.58,145,86847.9,46.76,48364.76,0
288,3,163705.51,63708.1,51632.65,48364.76,13632.51,131333.46,119,48364.76,29.54,109408.32,0
288,4,203555.68,51601.53,42545.84,109408.32,29109.1,178052.15,103,109408.32,53.75,61229.03,0
288,5,188175.82,64677.96,62268.82,61229.03,47443.38,149377.24,141,61229.03,32.54,-17454.44,1
288,6,179087.53,141907.25,54634.73,-17454.44,43420.5,51388.29,72,-17454.44,-9.75,74839.25,0
288,7,201683.14,64227.3,62616.59,74839.25,23672.88,29216.81,90,74839.25,37.11,73959.35,0
288,8,184260.55,54254.4,56046.8,73959.35,50736.98,27820.07,80,73959.35,40.14,86604.35,0
288,9,197098.1,70822.74,39671.01,86604.35,34093.46,88503.54,84,86604.35,43.94,65316.25,0
288,10,183735.15,55848.34,62570.56,65316.25,53483.14,137890.85,85,65316.25,35.55,93428.64,0
288,11,193053.6,52395.72,47229.24,93428.64,44702.8,16839.02,123,93428.64,48.4,82911.95,0
289,1,80191.05,56738.85,37870.06,-14417.86,6185.84,15698.94,85,-14417.86,-17.98,-14221.76,1
289,2,98538.36,55451.28,57308.84,-14221.76,20639.7,78598.76,49,-14221.76,-14.43,-24156.55,1
289,3,90011.3,71370.21,42797.64,-24156.55,22742.99,75078.73,104,-24156.55,-26.84,-26575.46,1
289,4,90442.41,63898.2,53119.67,-26575.46,21069.01,8210.41,45,-26575.46,-29.38,-14239.13,1
289,5,88443.58,65001.08,37681.64,-14239.13,17230.14,60019.76,80,-14239.13,-16.1,-50290.25,1
289,6,99739.57,96629.11,53400.71,-50290.25,15661.17,67487.86,78,-50290.25,-50.42,-8466.01,1
289,7,65682.56,50263.18,23885.39,-8466.01,18490.29,56253.37,50,-8466.01,-12.89,-19252.87,1
289,8,83889.14,72691.43,30450.58,-19252.87,13281.86,17753.22,54,-19252.87,-22.95,-16860.36,1
289,9,92276.12,60118.06,49018.42,-16860.36,21909.63,21857.78,184,-16860.36,-18.27,-21473.79,1
289,10,83266.41,56465.06,48275.14,-21473.79,22472.99,75835.33,53,-21473.79,-25.79,-32178.7,1
289,11,101428.29,80386.08,53220.91,-32178.7,14273.78,86099.62,58,-32178.7,-31.73,-8709.57,1
290,1,197804.61,76810.49,40739.48,80254.64,12713.2,46459.16,264,80254.64,40.57,80271.64,0
290,2,208663.4,75097.8,53293.97,80271.64,11652.69,139862.48,85,80271.64,38.47,66230.2,0
290,3,189366.66,67278.85,55857.62,66230.2,24937.51,140470.29,104,66230.2,34.97,68435.55,0
290,4,179636.73,49295.92,61905.26,68435.55,32579.89,153737.58,100,68435.55,38.1,62822.75,0
290,5,191583.28,70328.21,58432.33,62822.75,10772.55,57122.09,119,62822.75,32.79,76532.24,0
290,6,184005.74,63099.89,44373.61,76532.24,16760.52,9348.72,76,76532.24,41.59,97740.54,0
290,7,195954.13,57157.81,41055.78,97740.54,50743.28,101402.84,302,97740.54,49.88,80837.71,0
290,8,190404.28,66283.56,43283.0,80837.71,22564.01,162856.79,140,80837.71,42.46,85775.1,0
290,9,203857.92,52201.06,65881.76,85775.1,28459.5,101754.05,88,85775.1,42.08,90512.91,0
290,10,195596.38,49557.49,55525.98,90512.91,25260.41,63757.07,132,90512.91,46.28,58660.01,0
290,11,190184.82,69370.63,62154.17,58660.01,38859.59,9512.95,118,58660.01,30.84,63836.5,0
291,1,292009.94,92358.92,95627.99,104023.03,45095.1,169257.64,388,104023.03,35.62,110100.35,0
291,2,263287.57,89040.31,64146.91,110100.35,22505.21,100677.96,111,110100.35,41.82,98456.1,0
291,3,294587.25,96307.01,99824.14,98456.1,87258.48,237056.85,269,98456.1,33.42,64589.05,0
291,4,250313.54,98731.81,86992.68,64589.05,68901.57,170461.54,106,64589.05,25.8,108234.73,0
291,5,274566.43,96810.41,69521.29,108234.73,70033.87,187502.51,191,108234.73,39.42,130744.09,0
291,6,268461.82,79015.73,58702.0,130744.09,61719.3,153246.34,138,130744.09,48.7,108787.14,0
291,7,271035.01,99107.93,63139.94,108787.14,68049.62,49370.25,159,108787.14,40.14,92132.43,0
291,8,275339.25,97306.59,85900.24,92132.43,70563.68,38393.62,178,92132.43,33.46,123893.25,0
291,9,258086.74,76210.33,57983.15,123893.25,15195.56,230850.72,312,123893.25,48.0,78773.04,0
291,10,273935.34,104890.57,90271.72,78773.04,47782.93,92266.31,109,78773.04,28.76,100442.75,0
291,11,282676.17,88257.02,93976.39,100442.75,75391.77,49293.14,159,100442.75,35.53,97849.94,0
292,1,219758.63,84097.17,71236.23,64425.23,42288.63,145902.49,136,64425.23,29.32,72146.8,0
292,2,206421.7,75929.79,58345.11,72146.8,52099.81,159472.3,96,72146.8,34.95,87292.88,0
292,3,203278.45,59837.61,56147.96,87292.88,29748.87,45341.31,197,87292.88,42.94,-10848.1,1
292,4,201081.06,145930.0,65999.16,-10848.1,11866.79,26338.96,105,-10848.1,-5.39,76087.84,0
292,5,217460.52,69834.45,71538.23,76087.84,24448.89,38659.49,103,76087.84,34.99,106088.18,0
292,6,215463.46,61256.53,48118.74,106088.18,14925.26,19963.82,302,106088.18,49.24,76751.81,0
292,7,195096.69,55592.95,62751.93,76751.81,43824.98,93669.37,200,76751.81,39.34,67926.44,0
292,8,212540.82,84072.74,60541.64,67926.44,32204.72,77124.8,228,67926.44,31.96,82407.27,0
292,9,203788.34,74249.73,47131.33,82407.27,45841.88,136797.75,106,82407.27,40.44,59232.17,0
292,10,197919.41,70460.29,68226.95,59232.17,53368.49,13996.21,183,59232.17,29.93,86049.52,0
292,11,210892.54,55911.53,68931.5,86049.52,12063.87,153748.78,94,86049.52,40.8,91563.54,0
293,1,403202.13,169749.3,163296.28,70156.55,74629.07,145051.93,342,70156.55,17.4,78155.7,0
293,2,421670.11,211409.52,132104.88,78155.7,37216.35,399507.91,619,78155.7,18.53,29987.26,0
293,3,423833.15,201982.3,191863.59,29987.26,63653.74,137436.58,249,29987.26,7.08,-9242.89,1
293,4,445275.51,238650.33,215868.07,-9242.89,123139.36,429843.55,213,-9242.89,-2.08,11504.24,0
293,5,386736.15,207387.8,167844.11,11504.24,30563.18,90576.06,325,11504.24,2.97,41728.09,0
293,6,318392.0,123424.06,153239.85,41728.09,60270.31,41767.04,393,41728.09,13.11,-10341.01,1
293,7,422183.31,225130.26,207394.06,-10341.01,55695.42,147573.99,738,-10341.01,-2.45,-105531.06,1
293,8,436587.06,380140.31,161977.81,-105531.06,114370.17,126141.3,207,-105531.06,-24.17,-75959.23,1
293,9,382041.54,321240.76,136760.01,-75959.23,60966.86,69243.22,257,-75959.23,-19.88,6060.12,0
293,10,437673.56,236289.08,195324.35,6060.12,104773.67,331494.88,810,6060.12,1.38,83265.54,0
293,11,415062.14,196324.88,135471.72,83265.54,23165.7,361417.07,754,83265.54,20.06,93597.36,0
294,1,303055.45,109839.68,66092.74,127123.04,48810.41,104734.15,139,127123.04,41.95,142144.26,0
294,2,301578.31,96390.72,63043.33,142144.26,32315.7,269341.08,168,142144.26,47.13,102156.21,0
294,3,301122.17,104645.06,94320.9,102156.21,85690.74,294495.22,120,102156.21,33.93,104707.83,0
294,4,338096.27,118471.86,114916.58,104707.83,89561.06,308923.83,146,104707.83,30.97,138897.66,0
294,5,291758.64,79894.06,72966.93,138897.66,31574.52,147150.94,178,138897.66,47.61,100027.68,0
294,6,313505.09,106773.18,106704.23,100027.68,77302.43,188975.99,144,100027.68,31.91,87359.0,0
294,7,284529.32,110667.11,86503.21,87359.0,47466.27,116048.81,176,87359.0,30.7,132971.63,0
294,8,286757.15,76875.28,76910.24,132971.63,52930.82,187238.46,118,132971.63,46.37,40855.96,0
294,9,308262.83,176765.52,90641.35,40855.96,60085.85,131297.53,146,40855.96,13.25,101254.81,0
294,10,301192.56,99838.31,100099.44,101254.81,26176.28,128032.85,164,101254.81,33.62,78908.5,0
294,11,280930.68,104523.29,97498.89,78908.5,50825.74,132145.77,177,78908.5,28.09,114860.82,0
295,1,480562.31,120562.72,129102.7,230896.89,75773.96,81646.83,233,230896.89,48.05,224672.46,0
295,2,466905.15,139413.95,102818.74,224672.46,25583.08,167086.91,233,224672.46,48.12,232352.43,0
295,3,479711.94,135586.62,111772.89,232352.43,72767.71,104769.61,231,232352.43,48.44,30289.38,0
295,4,494070.55,341130.07,122651.1,30289.38,58705.21,134003.6,446,30289.38,6.13,195558.24,0
295,5,476802.5,130492.6,150751.66,195558.24,73007.54,281157.1,285,195558.24,41.01,207226.54,0
295,6,500396.7,130280.69,162889.47,207226.54,148775.53,366075.36,201,207226.54,41.41,145780.98,0
295,7,449608.86,161452.93,142374.96,145780.98,56363.98,240608.09,202,145780.98,32.42,196658.73,0
295,8,472241.27,179314.94,96267.6,196658.73,94647.46,60999.82,200,196658.73,41.64,206924.0,0
295,9,519828.35,198792.58,114111.76,206924.0,120120.07,440613.11,348,206924.0,39.81,205200.03,0
295,10,461746.34,117755.81,138790.5,205200.03,69540.83,216650.97,310,205200.03,44.44,167810.9,0
295,11,504341.44,184854.42,151676.11,167810.9,40618.3,426156.81,395,167810.9,33.27,201236.92,0
296,1,128147.0,80872.65,31634.32,15640.04,28269.16,126819.59,243,15640.04,12.2,58782.88,0
296,2,118807.57,35157.9,24866.8,58782.88,17996.8,109875.49,179,58782.88,49.48,-16298.94,1
296,3,122953.78,105193.25,34059.47,-16298.94,8690.81,75960.76,54,-16298.94,-13.26,61130.26,0
296,4,134366.83,35199.47,38037.1,61130.26,39850.67,99177.64,127,61130.26,45.5,11186.2,0
296,5,132632.06,77924.1,43521.76,11186.2,27873.19,126821.05,92,11186.2,8.43,35122.05,0
296,6,132434.69,52190.45,45122.19,35122.05,36745.69,119641.88,61,35122.05,26.52,48988.9,0
296,7,127513.82,37847.5,40677.42,48988.9,10906.48,113522.62,108,48988.9,38.42,52108.07,0
296,8,129756.99,46041.53,31607.39,52108.07,32966.47,25813.66,52,52108.07,40.16,34235.31,0
296,9,126449.9,48987.18,43227.42,34235.31,10874.22,93343.15,216,34235.31,27.07,43425.22,0
296,10,121380.57,39179.93,38775.42,43425.22,11774.32,62230.85,51,43425.22,35.78,63656.95,0
296,11,135070.21,40580.44,30832.82,63656.95,24757.61,42710.43,85,63656.95,47.13,43656.54,0
297,1,198638.8,104275.79,71619.84,22743.17,50629.08,82115.69,110,22743.17,11.45,28648.2,0
297,2,208812.69,103876.43,76288.07,28648.2,57158.64,184967.03,104,28648.2,13.72,26836.55,0
297,3,199059.9,98985.82,73237.54,26836.55,30948.05,26470.24,272,26836.55,13.48,4885.89,0
297,4,197105.45,106443.73,85775.83,4885.89,41535.01,88226.97,358,4885.89,2.48,46076.87,0
297,5,179982.86,73222.34,60683.65,46076.87,48913.73,117680.21,98,46076.87,25.6,3610.53,0
297,6,196988.08,104755.56,88621.99,3610.53,30355.47,171791.05,109,3610.53,1.83,6268.64,0
297,7,183092.84,94753.03,82071.16,6268.64,34749.87,139215.47,174,6268.64,3.42,12518.02,0
297,8,171822.91,83491.43,75813.46,12518.02,31632.75,114529.4,189,12518.02,7.29,42581.98,0
297,9,204605.4,95908.28,66115.14,42581.98,34553.49,141853.79,179,42581.98,20.81,-66522.77,1
297,10,201209.49,192407.89,75324.38,-66522.77,42466.43,163353.67,167,-66522.77,-33.06,17619.55,0
297,11,195483.1,80204.16,97659.39,17619.55,39153.06,192441.07,172,17619.55,9.01,32278.84,0
298,1,322652.01,88841.29,102707.64,131103.08,57489.7,127127.01,144,131103.08,40.63,161660.86,0
298,2,331184.08,98609.76,70913.45,161660.86,75787.63,223450.82,378,161660.86,48.81,126006.45,0
298,3,320121.23,112508.7,81606.09,126006.45,94292.13,78545.89,193,126006.45,39.36,134197.14,0
298,4,303448.73,76105.53,93146.07,134197.14,29834.26,232020.19,143,134197.14,44.22,116087.34,0
298,5,332554.44,122716.89,93750.22,116087.34,83126.82,183703.48,193,116087.34,34.91,99572.09,0
298,6,292430.2,95751.18,97106.93,99572.09,33921.43,50170.32,136,99572.09,34.05,76013.31,0
298,7,288172.43,114462.75,97696.36,76013.31,24660.28,258401.11,248,76013.31,26.38,146596.5,0
298,8,299539.19,75453.48,77489.22,146596.5,23081.02,167979.7,140,146596.5,48.94,7944.54,0
298,9,292170.61,185336.79,98889.28,7944.54,33935.58,262695.46,422,7944.54,2.72,126505.58,0
298,10,296084.91,92294.53,77284.8,126505.58,30755.33,196200.85,385,126505.58,42.73,123918.29,0
298,11,316930.23,109004.51,84007.43,123918.29,32697.41,197697.39,131,123918.29,39.1,117611.85,0
299,1,381606.9,123176.05,129043.38,129387.47,74414.96,134909.4,157,129387.47,33.91,160357.85,0
299,2,350588.0,119850.64,70379.51,160357.85,49421.11,28224.65,257,160357.85,45.74,135356.23,0
299,3,377963.42,130744.68,111862.51,135356.23,55522.47,151754.05,742,135356.23,35.81,156015.46,0
299,4,406031.1,110900.64,139115.0,156015.46,48227.2,175053.14,170,156015.46,38.42,173095.07,0
299,5,381495.4,96637.35,111762.98,173095.07,103456.15,200998.77,212,173095.07,45.37,157911.22,0
299,6,347451.55,116559.48,72980.86,157911.22,101092.53,101862.46,273,157911.22,45.45,135586.21,0
299,7,385121.14,136139.95,113394.98,135586.21,86717.19,262196.28,167,135586.21,35.21,153161.2,0
299,8,377710.14,125126.04,99422.9,153161.2,94407.08,79827.0,387,153161.2,40.55,160135.55,0
299,9,376323.0,123414.79,92772.66,160135.55,88751.7,191257.83,333,160135.55,42.55,153706.72,0
299,10,387795.15,102533.09,131555.33,153706.72,96111.63,275089.24,253,153706.72,39.64,144900.68,0
299,11,380151.31,141568.97,93681.67,144900.68,86180.52,153014.4,255,144900.68,38.12,147617.57,0
300,1,446718.79,325088.21,199578.04,-77947.46,115269.95,388149.97,358,-77947.46,-17.45,57744.77,0
300,2,467008.21,198465.56,210797.88,57744.77,37021.39,137608.02,366,57744.77,12.36,-104725.73,1
300,3,449861.65,373406.04,181181.34,-104725.73,102220.33,47321.77,725,-104725.73,-23.28,101084.28,0
300,4,426719.55,180980.41,144654.85,101084.28,83353.65,137812.97,223,101084.28,23.69,-44847.02,1
300,5,416010.47,282576.42,178281.06,-44847.02,42465.46,100291.12,222,-44847.02,-10.78,18295.05,0
300,6,439116.72,226216.86,194604.82,18295.05,122563.16,46314.85,525,18295.05,4.17,86571.34,0
300,7,384592.8,166763.41,131258.05,86571.34,68187.65,358305.84,299,86571.34,22.51,81327.49,0
300,8,406442.6,145779.03,179336.08,81327.49,45226.39,145524.78,208,81327.49,20.01,103576.78,0
300,9,463620.37,192168.67,167874.92,103576.78,131355.36,304242.72,836,103576.78,22.34,63618.22,0
300,10,496645.24,239618.13,193408.9,63618.22,126528.92,105661.26,255,63618.22,12.81,-117493.35,1
300,11,400725.08,354130.52,164087.91,-117493.35,83650.07,74887.86,334,-117493.35,-29.32,92011.82,0
